1轉僧影,五派禁地
1轉劍影,五派禁地
1轉勇影,五派禁地
1轉女僧影,五派禁地
1轉女劍影,五派禁地
1轉女勇影,五派禁地
1轉女術影,五派禁地
1轉女道影,五派禁地
1轉術影,五派禁地
1轉道影,五派禁地
2轉僧影,五派禁地
2轉劍影,五派禁地
2轉勇影,五派禁地
2轉女僧影,五派禁地
2轉女劍影,五派禁地
2轉女勇影,五派禁地
2轉女術影,五派禁地
2轉女道影,五派禁地
2轉術影,五派禁地
2轉道影,五派禁地
3轉僧影,天授之間
3轉劍影,天授之間
3轉勇影,天授之間
3轉女僧影,天授之間
3轉女劍影,天授之間
3轉女勇影,天授之間
3轉女術影,天授之間
3轉女道影,天授之間
3轉術影,天授之間
3轉道影,天授之間
<三昧幼龍>,修羅級玉旭之巔
<主宰幻影>,修羅級破滅之源
<九厲邪馬>,修羅級破滅之源
<九天尊雷神王>,修羅級九霄天樓
<九天御風神王>,修羅級九霄天樓
<九尾狐禍影>,修羅級黃龍秘殿
<九霄英衛>,【修羅級】『九宵天樓』第一層,修羅級九霄天樓
<仙露花精>,七寶仙境,七寶仙境　壹
<仿生木狐>,修羅級五鷹閣
<仿生銅蛛>,修羅級五鷹閣
<仿生鐵龍>,修羅級五鷹閣
<仿神．女媧磁偶>,修羅級五鷹閣
<來世象尊>,七寶仙境,七寶仙境　壹
<修羅魔君>,修羅級魔君天都
<傲慢之魔>,【修羅級】『神臨之地』第二層 ( 左邊 ),修羅級神臨之地
<冥府艷后克麗邁絲>,修羅級神王金字塔
<冥者阿奴比斯>,修羅級神王金字塔
<冰霜反譯機虎>,修羅級蛇眼城
<凱夫山納>,修羅級神王金字塔
<凱貝潔特>,修羅級神王金字塔
<剎風真帝靈>,【修羅級】『飛昇大廳』第三層,真七寶仙境　貳
<創典黑后>,修羅級神王金字塔
<原型機兵>,修羅級五鷹閣
<原罪十字軍>,【修羅級】『神臨之地』第一、二、三層,修羅級神臨之地
<反向工程電眼>,修羅級蛇眼城
<問頂仙龍>,七寶仙境,七寶仙境　壹
<噬人者>,修羅級破滅之源
<四聖位化神>,【修羅級】『飛昇大廳』第四層,真七寶仙境　貳
<四象晶鎖>,【修羅級】『飛昇大廳』第四層
<地獄狂獅王>,【修羅級】『神臨之地』第二層 ( 右邊 ),修羅級神臨之地
<地獄蜥蜴人>,【修羅級】『神臨之地』第二層 ( 右邊 ),修羅級神臨之地
<地獄鷹身女>,【修羅級】『神臨之地』第二層 ( 右邊 ),修羅級神臨之地
<墮簾月牙妖>,【修羅級】『九宵天樓』第二層,修羅級九霄天樓
<天劫刀夜叉>,修羅級魔君天都
<天劫刑天>,修羅級魔君天都
<天劫刑天王>,修羅級魔君天都
<天劫土行王>,修羅級魔君天都
<天劫土行者>,修羅級魔君天都
<天劫夜叉斧鬼>,修羅級魔君天都
<天劫夜叉槍鬼>,修羅級魔君天都
<天劫夜叉王>,修羅級魔君天都
<天劫夸父>,修羅級魔君天都
<天劫夸父王>,修羅級魔君天都
<天劫巨靈>,修羅級魔君天都
<天劫巨靈王>,修羅級魔君天都
<天劫擊夜叉>,修羅級魔君天都
<天劫斧夜叉>,修羅級魔君天都
<天劫百眼巫>,修羅級魔君天都
<天劫百眼王>,修羅級魔君天都
<天劫花精>,修羅級魔君天都
<天劫金鷹王>,修羅級魔君天都
<天劫鷹翅軍>,修羅級魔君天都
<天樓龍驍將>,【修羅級】『九宵天樓』第三層,修羅級九霄天樓
<天湖櫻魚>,修羅級玉旭之巔
<天門暴獸>,修羅級五鷹閣
<天龍驃龍神>,【修羅級】『九宵天樓』第三層,修羅級九霄天樓
<奇樞機人>,修羅級五鷹閣
<妙捷跳鼠>,七寶仙境,七寶仙境　壹
<始魔巴爾>,修羅級神臨之地
<始魔梅非斯特>,修羅級神臨之地
<岩羅角獸>,七寶仙境,七寶仙境　壹
<布雷克>,修羅級玉旭之巔
<幻月銀狼>,七寶仙境,七寶仙境　壹
<幻業僧魔>,修羅級無限鬥界
<幻業劍魔>,修羅級無限鬥界
<幻業勇魔>,修羅級無限鬥界
<幻業術魔>,修羅級無限鬥界
<幻業道魔>,修羅級無限鬥界
<幻滅巨龍>,【修羅級】『神臨之地』第三層,修羅級神臨之地
<幻魔‧海蛇>,【修羅級】『神臨之地』第一層,修羅級神臨之地
<幻魔‧火鐮>,【修羅級】『神臨之地』第一層,修羅級神臨之地
<彪虎古戰神>,【修羅級】『飛昇大廳』第一、二、三層,真七寶仙境　貳
<戰嵐勇將>,修羅級玉旭之巔
<戰嵐女將>,修羅級玉旭之巔
<戰嵐悍尊長>,修羅級玉旭之巔
<戰嵐狂將>,修羅級玉旭之巔
<戰嵐盲巫>,修羅級玉旭之巔
<戰嵐角犀>,修羅級玉旭之巔
<戰嵐鱗鱷>,修羅級玉旭之巔
<控軍機人>,修羅級五鷹閣
<斬魄影刃>,修羅級破滅之源
<斯芬克斯銅像>,修羅級神王金字塔
<時之天守>,修羅級無限鬥界
<時幻‧五族龍帝>,修羅級無限鬥界
<時幻‧四殿霸將>,修羅級無限鬥界
<時幻‧武神超體>,修羅級無限鬥界
<時業魔王‧卡馬>,修羅級無限鬥界
<松齡聖龜>,七寶仙境,七寶仙境　壹
<查拉欽>,【修羅級】『飛昇大廳』頂樓,真七寶仙境　貳
<業之觀者>,修羅級無限鬥界
<業障僧者>,修羅級無限鬥界
<業障劍者>,修羅級無限鬥界
<業障勇衛>,修羅級無限鬥界
<業障術士>,修羅級無限鬥界
<業障道者>,修羅級無限鬥界
<機關鐵衛>,修羅級五鷹閣
<步天敖犬>,七寶仙境,七寶仙境　壹
<永劫‧修羅魔君>,修羅級無限鬥界
<永劫‧北荒狼王>,修羅級無限鬥界
<永劫‧地獄邪帝>,修羅級無限鬥界
<永劫‧天鬼神羅>,修羅級無限鬥界
<永劫‧東鬼太閣>,修羅級無限鬥界
<永劫‧業火邪神>,修羅級無限鬥界
<永劫‧無界閻羅>,修羅級無限鬥界
<永劫‧神魔非我>,修羅級無限鬥界
<永劫‧萬世武皇>,修羅級無限鬥界
<洛基>,修羅級俠隱樓
<浸幽木乃伊>,修羅級神王金字塔
<火燼反譯機虎>,修羅級蛇眼城
<焚旱樹人>,修羅級玉旭之巔
<無瑕機人>,修羅級五鷹閣
<無限‧檮杌>,修羅級無限鬥界
<無限‧混沌>,修羅級無限鬥界
<無限‧窮奇>,修羅級無限鬥界
<無限‧饕餮>,修羅級無限鬥界
<無限之土>,『飛昇大廳』第三層,真七寶仙境　貳
<無限之水>,『飛昇大廳』第二層,真七寶仙境　貳
<無限之火>,『飛昇大廳』第二層,真七寶仙境　貳
<無限之風>,『飛昇大廳』第三層,真七寶仙境　貳
<焦灼火蝸>,修羅級玉旭之巔
<煉獄淑女>,【修羅級】『神臨之地』第一、二、三層,修羅級神臨之地
<熾火真帝靈>,【修羅級】『飛昇大廳』第二、三層,真七寶仙境　貳
<狂怒之魔>,【修羅級】『神臨之地』第二層 ( 左邊 ),修羅級神臨之地
<王都精兵BHZ>,修羅級蛇眼城
<王都精兵BJL>,修羅級蛇眼城
<王都精兵FLM>,修羅級蛇眼城
<王都精兵GSW>,修羅級蛇眼城
<王都精兵HLS>,修羅級蛇眼城
<王都精兵RYU>,修羅級蛇眼城
<界之聖護>,修羅級無限鬥界
<百殤牛鬼>,修羅級破滅之源
<真‧檮杌>,【修羅級】『九宵天樓』第三層,修羅級九霄天樓
<真‧混沌>,【修羅級】『九宵天樓』第三層,修羅級九霄天樓
<真‧窮奇>,【修羅級】『九宵天樓』第三層,修羅級九霄天樓
<真‧饕餮>,【修羅級】『九宵天樓』第三層,修羅級九霄天樓
<真知四聖武皇>,【修羅級】『飛昇大廳』頂層,真七寶仙境　貳
<真知太聖衛>,【修羅級】『飛昇大廳』第一、二層,真七寶仙境　貳
<神御輝鎧駝>,【修羅級】『飛昇大廳』第一、二層,真七寶仙境　貳
<禍國九尾狐>,修羅級黃龍秘殿
<符公無忌>,修羅級俠隱樓
<符兵．寒冰>,修羅級俠隱樓
<符兵．烈火>,修羅級俠隱樓
<米諾陶勒斯>,【修羅級】『神臨之地』第一、二、三層,修羅級神臨之地
<約頓赫冰狼>,修羅級俠隱樓
<約頓赫山怪>,修羅級俠隱樓
<紫兇豬魂>,【修羅級】『九宵天樓』第二層,修羅級九霄天樓
<紫荊千戶將>,修羅級俠隱樓
<紫荊親衛軍>,修羅級俠隱樓
<紫荊鐵血隊>,修羅級俠隱樓
<終末巨龍>,【修羅級】『神臨之地』第三層,修羅級神臨之地
<老樹精>,不老峰、瀰煙山道,瀰煙山道,掩月松林
<聖帝君士坦汀>,【修羅級】『神臨之地』第一層,修羅級神臨之地
<艾姆謝特>,修羅級神王金字塔
<艾濟鋼鎧蠍>,修羅級神王金字塔
<荒水真帝靈>,【修羅級】『飛昇大廳』第二、三層,真七寶仙境　貳
<萬曆星將>,七寶仙境,七寶仙境　壹
<萬神殿烈士>,修羅級俠隱樓
<萬神殿絕弓>,修羅級俠隱樓
<萬神殿鐵鬚>,修羅級俠隱樓
<蒼真劍聖>,【修羅級】『九宵天樓』第一層,修羅級九霄天樓
<虛座右屠尊>,修羅級破滅之源
<虛座太兇王>,修羅級破滅之源
<虛座左獄尊>,修羅級破滅之源
<虛座魔劍臣>,修羅級破滅之源
<虛座黑血虎>,修羅級破滅之源
<虛意化劍宗>,修羅級黃龍秘殿
<虛意化武宗>,修羅級黃龍秘殿
<虛意化禪宗>,修羅級黃龍秘殿
<虛意化術宗>,修羅級黃龍秘殿
<虛意化道宗>,修羅級黃龍秘殿
<虛空主宰>,修羅級破滅之源
<虛空布道使>,修羅級黃龍秘殿
<虛空爬行者>,修羅級神王金字塔
<虛空誅異使>,修羅級黃龍秘殿
<虛還大秦始皇帝>,修羅級黃龍秘殿
<衛閣妖蛾>,修羅級五鷹閣
<衛閣捍領>,修羅級五鷹閣
<衛閣精銳>,修羅級五鷹閣
<衛閣虎騎>,修羅級五鷹閣
<衛閣豹騎>,修羅級五鷹閣
<衝靈晶蟾>,修羅級破滅之源
<裂土真帝靈>,【修羅級】『飛昇大廳』第三層,真七寶仙境　貳
<複製宮國將軍>,修羅級蛇眼城
<貪慾之魔>,【修羅級】『神臨之地』第二層 ( 左邊 ),修羅級神臨之地
<賽特>,修羅級神王金字塔
<赤怒豬妖>,【修羅級】『九宵天樓』第二層,修羅級九霄天樓
<赤煉祖魂>,修羅級玉旭之巔
<軫瑯王．辰紫荊>,修羅級俠隱樓
<迎風羽蛇>,修羅級玉旭之巔
<迴天九翼蝶>,【修羅級】『九宵天樓』第三層,修羅級九霄天樓
<遮天女羅>,修羅級破滅之源
<邪甲幽蛛妃>,修羅級神王金字塔
<重火力．第六代>,修羅級蛇眼城
<金冑聖象衛>,【修羅級】『飛昇大廳』第三層,真七寶仙境　貳
<鋼甲赫者>,修羅級破滅之源
<錦袍仙丞>,【修羅級】『九宵天樓』第三層,修羅級九霄天樓
<雲蛟巨將>,【修羅級】『九宵天樓』第三層,修羅級九霄天樓
<霧隱忍武>,七寶仙境,七寶仙境　壹
<青面豬妖>,【修羅級】『九宵天樓』第二層,修羅級九霄天樓
<風中蟾蜍>,修羅級玉旭之巔
<風花雪貍>,修羅級玉旭之巔
<飛狼>,修羅級玉旭之巔
<高天幽翼>,修羅級破滅之源
<高端複製弓兵>,修羅級蛇眼城
<高端複製步兵>,修羅級蛇眼城
<高端複製策士>,修羅級蛇眼城
<鬥戰聖徒孫>,【修羅級】『九宵天樓』第二層,修羅級九霄天樓
<鬼界魔獅將>,修羅級魔君天都
<魔帝君士坦汀>,修羅級神臨之地
<黃龍天鋒尉>,修羅級黃龍秘殿
<黃龍悍衝車>,修羅級黃龍秘殿
<黃龍蒼刃尉>,修羅級黃龍秘殿
<黃龍黑虎騎>,修羅級黃龍秘殿
<黑后親衛武姬>,修羅級神王金字塔
[三途棺差],三途之都、恨生不歸途、枉死之城,恨生不歸途、三途之都、枉死之城
[九尾狐],半天岩、瀰煙山道【戌時-卯時擊殺百草狐郎中】機率現身
[仙露花精],七寶仙境,七寶仙境　壹
[來世象尊],七寶仙境,七寶仙境　壹
[傘鬼],八荒古墳、葉隱蒼林、長野沙濱,長野沙濱、八荒古墓
[兔仙人],桃花林、東方(50.125、186.123)、西方、掩月松林【擊殺飛毛兔、搗藥兔】機率現身
[冰執鐮鼬],內崎埠原、十律原樹海、外崎埠原,十津原樹海、內崎埠原、外崎埠原
[冰蕈傘人],蕈菇林東方、晶湖水道
[劍刺傘鬼],八荒古墳,八荒古墓
[千年樹精],千佛遺跡東側,葬日沼澤、葬日沼澤北方、千佛遺跡東側
[千年花精],亂藤林南方、葬日沼澤北方
[千年蔘精],不老峰、掩月松林【擊殺千年樹精】機率現身
[千年蟾蜍精],百妖穴第二層
[千年靈芝精],不老峰、掩月松林【擊殺千年樹精】機率現身
[半身虎人],黃塵荒漠、聖域之門、飛簷頂徑
[叢林野象],千佛遺跡西側
[吸血殭屍],猛鬼窟第二層、萬人塚第三層
[問頂仙龍],七寶仙境,七寶仙境　壹
[嘯地巨犀],地下水道、晶湖水道
[嘯地幼犀],蕈菇林東方、晶湖水道
[嘯狂之風],清教院街、波斯西市、飛簷頂徑
[地煞],神兵塚
[天山巨猿],天山冰池
[天山食人虎],天山冰池
[天狗],十律原樹海、天照不二峰、葉隱蒼林,天照不二峰
[女王蜂],桃花林、桃花林西方、桃花林南方
[妙捷跳鼠],七寶仙境,七寶仙境　壹
[密林妖禽],千佛遺跡東側、千佛遺跡西側
[將軍俑],古皇陵第三層
[岩羅角獸],七寶仙境,七寶仙境　壹
[巨憾之土],清教院街、波斯西市
[巨禿鷹],塔干沙漠南方、塔干沙漠東方、樓蘭遺址、火焰山、萬佛窟,塔干沙漠東方、塔干沙漠西方
[巨錘猴精],千佛遺跡東側、千佛遺跡西側
[幻月銀狼],七寶仙境,七寶仙境　壹
[幽谷翔龍],大梵聖湖、懸空仙嶺、登天棧道、青藏高原,登天棧道、懸空仙嶺、青藏高原、大梵聖湖
[怒雪麒麟],怒雪修煉場
[惡鬼],內崎埠原、八荒古墳,八荒古墓、內崎埠原
[拔山象妖],摩羅國境、菩提聖原,摩羅國境
[拘魂白無常],九曲邪徑、悲歡渡口、永劫刑場,悲歡渡口、永劫刑場、九曲邪徑
[提刑黑無常],九曲邪徑、悲歡渡口、永劫刑場,悲歡渡口、永劫刑場、九曲邪徑
[晶石怪],侏人部落、晶湖水道
[松齡聖龜],七寶仙境,七寶仙境　壹
[步天敖犬],七寶仙境,七寶仙境　壹
[毒蕈傘人],蕈菇林東方、晶湖水道
[沼地巨蛇],千佛遺跡東側、千佛遺跡西側,千佛遺跡西側
[激雷鐮鼬],天照不二峰、神室關所、葉隱蒼林、長野沙濱,長野沙濱、葉隱蒼林、天照不二峰
[火蕈傘人],蕈菇林東方、晶湖水道
[火雲麒麟],烈火修煉場
[焚怒之火],飛簷頂徑、波斯西市、法誡參道
[熊武者],不老峰、桃花林西方（戌時-卯時）
[獵鷹],塞北草原、呼倫草原、貝爾草原
[疾風戰士],呼倫草原、貝爾草原、大汗陵墓
[白靈石獅],三途之都、恨生不歸途、枉死之城,恨生不歸途、三途之都、枉死之城
[白骨精],猛鬼窟第二層、萬人塚第二層
[神行跳鼠],塔干沙漠西方、萬佛窟
[索命牛頭],九曲邪徑、寒愴冰獄,九曲邪徑
[草原戰士],呼倫草原、貝爾草原、大汗陵墓
[萬曆星將],七寶仙境,七寶仙境　壹
[藏地氂牛],懸空仙嶺、登天棧道、青藏高原,登天棧道、懸空仙嶺、青藏高原
[虎霸王],掩月松林（戌時-卯時）
[蛇魔女],盤蛇洞
[蜘蛛精],百妖穴第一層、百妖穴第二層
[蠱毒麒麟],瘴癘修煉場
[血瘤眼],三途之都、恨生不歸途,恨生不歸途、三途之都
[輪迴外邪],大梵聖湖、懸空仙嶺、萬岳聖峰、青藏高原、香格里拉聖路,懸空仙嶺、青藏高原、大梵聖湖、萬岳聖峰
[追魂馬面],九曲邪徑、奈落紅川、荒禍殘墟,九曲邪徑
[銅石龜],樓蘭遺址（213、15--144、15)
[隱者狸仙],桃花林、桃花林東方【擊殺小妖狸、妖狸射手】機率現身
[雪峰野人],懸空仙嶺、登天棧道、青藏高原,登天棧道、懸空仙嶺、青藏高原
[霧隱忍武],七寶仙境,七寶仙境　壹
[飛毛跳鼠],塔干沙漠東方、塔干沙漠西方、樓蘭遺址、萬佛窟,塔干沙漠東方、塔干沙漠西方
[駱駝],黃塵荒漠、聖域之門
[騰湧之水],飛簷頂徑、波斯西市、法誡參道
[鬼河童],十律原樹海、天照不二峰、葉隱蒼林,葉隱蒼林
[魅亂傘鬼],內崎埠原、十律原樹海、外崎埠原,內崎埠原
[鳳凰],棲鳳崖
[鴉天狗],八荒古墳、天照不二峰,八荒古墓、天照不二峰
[黑天妖魔],火焰山、萬佛窟,萬佛窟
[黑豹],亂石林、黑城遺跡
{力士俑},皇陵密室,古皇陵密室
{千面狐},不老峰、瀰煙山道 (晚上出沒),瀰煙山道,半天岩,不老峰
{桃花兵蜂},桃花林、桃花林東方、桃花林西方16.83、桃花林南方182.52,桃花林西方,桃花林南方
{水鬼},桃花林東方、桃花林西方,桃花林東方,桃花林西方
{洛基},獨鬥級俠隱樓
{火妖},不老峰,桃花林南方
{百草狐郎中},不老峰、瀰煙山道、半天岩（晚上）,瀰煙山道,半天岩
{石怪},不老峰
{符公無忌},獨鬥級俠隱樓
{符兵．寒冰},獨鬥級俠隱樓
{符兵．烈火},獨鬥級俠隱樓
{約頓赫冰狼},獨鬥級俠隱樓
{約頓赫山怪},獨鬥級俠隱樓
{紫荊千戶將},獨鬥級俠隱樓
{紫荊親衛軍},獨鬥級俠隱樓
{紫荊鐵血隊},獨鬥級俠隱樓
{老樹精},不老峰、瀰煙山道,瀰煙山道,掩月松林
{萬神殿烈士},獨鬥級俠隱樓
{萬神殿絕弓},獨鬥級俠隱樓
{萬神殿鐵鬚},獨鬥級俠隱樓
{軫瑯王．辰紫荊},獨鬥級俠隱樓
⊕仙露花精⊕,極七寶仙境,極七寶仙境　壹
⊕來世象尊⊕,極七寶仙境,極七寶仙境　壹
⊕問頂仙龍⊕,極七寶仙境,極七寶仙境　壹
⊕妙捷跳鼠⊕,極七寶仙境,極七寶仙境　壹
⊕岩羅角獸⊕,極七寶仙境,極七寶仙境　壹
⊕幻月銀狼⊕,極七寶仙境,極七寶仙境　壹
⊕松齡聖龜⊕,極七寶仙境,極七寶仙境　壹
⊕步天敖犬⊕,極七寶仙境,極七寶仙境　壹
⊕萬曆星將⊕,極七寶仙境,極七寶仙境　壹
⊕霧隱忍武⊕,極七寶仙境,極七寶仙境　壹
▓仙露花精▓,絕七寶仙境　參
▓來世象尊▓,絕七寶仙境　參
▓問頂仙龍▓,絕七寶仙境　參
▓妙捷跳鼠▓,絕七寶仙境　參
▓岩羅角獸▓,絕七寶仙境　參
▓幻月銀狼▓,絕七寶仙境　參
▓松齡聖龜▓,絕七寶仙境　參
▓步天敖犬▓,絕七寶仙境　參
▓萬曆星將▓,絕七寶仙境　參
▓霧隱忍武▓,絕七寶仙境　參
○仙露花精○,超七寶仙境,超七寶仙境　壹
○來世象尊○,超七寶仙境,超七寶仙境　壹
○問頂仙龍○,超七寶仙境,超七寶仙境　壹
○妙捷跳鼠○,超七寶仙境,超七寶仙境　壹
○岩羅角獸○,超七寶仙境,超七寶仙境　壹
○幻月銀狼○,超七寶仙境,超七寶仙境　壹
○松齡聖龜○,超七寶仙境,超七寶仙境　壹
○步天敖犬○,超七寶仙境,超七寶仙境　壹
○萬曆星將○,超七寶仙境,超七寶仙境　壹
○霧隱忍武○,超七寶仙境,超七寶仙境　壹
◎仙露花精◎,超七寶仙境,超七寶仙境　壹
◎來世象尊◎,超七寶仙境,超七寶仙境　壹
◎問頂仙龍◎,超七寶仙境,超七寶仙境　壹
◎妙捷跳鼠◎,超七寶仙境,超七寶仙境　壹
◎岩羅角獸◎,超七寶仙境,超七寶仙境　壹
◎幻月銀狼◎,超七寶仙境,超七寶仙境　壹
◎松齡聖龜◎,超七寶仙境,超七寶仙境　壹
◎步天敖犬◎,超七寶仙境,超七寶仙境　壹
◎萬曆星將◎,超七寶仙境,超七寶仙境　壹
◎霧隱忍武◎,超七寶仙境,超七寶仙境　壹
●仙露花精●,超七寶仙境,超七寶仙境　壹
●來世象尊●,超七寶仙境,超七寶仙境　壹
●問頂仙龍●,超七寶仙境,超七寶仙境　壹
●妙捷跳鼠●,超七寶仙境,超七寶仙境　壹
●岩羅角獸●,超七寶仙境,超七寶仙境　壹
●幻月銀狼●,超七寶仙境,超七寶仙境　壹
●松齡聖龜●,超七寶仙境,超七寶仙境　壹
●步天敖犬●,超七寶仙境,超七寶仙境　壹
●萬曆星將●,超七寶仙境,超七寶仙境　壹
●霧隱忍武●,超七寶仙境,超七寶仙境　壹
◢仙露花精◣,絕七寶仙境,絕七寶仙境　參
◢來世象尊◣,絕七寶仙境,絕七寶仙境　參
◢問頂仙龍◣,絕七寶仙境,絕七寶仙境　參
◢妙捷跳鼠◣,絕七寶仙境,絕七寶仙境　參
◢岩羅角獸◣,絕七寶仙境,絕七寶仙境　參
◢幻月銀狼◣,絕七寶仙境,絕七寶仙境　參
◢松齡聖龜◣,絕七寶仙境,絕七寶仙境　參
◢步天敖犬◣,絕七寶仙境,絕七寶仙境　參
◢萬曆星將◣,絕七寶仙境,絕七寶仙境　參
◢霧隱忍武◣,絕七寶仙境,絕七寶仙境　參
◥仙露花精◤,絕七寶仙境,絕七寶仙境　參
◥來世象尊◤,絕七寶仙境,絕七寶仙境　參
◥問頂仙龍◤,絕七寶仙境,絕七寶仙境　參
◥妙捷跳鼠◤,絕七寶仙境,絕七寶仙境　參
◥岩羅角獸◤,絕七寶仙境,絕七寶仙境　參
◥幻月銀狼◤,絕七寶仙境,絕七寶仙境　參
◥松齡聖龜◤,絕七寶仙境,絕七寶仙境　參
◥步天敖犬◤,絕七寶仙境,絕七寶仙境　參
◥萬曆星將◤,絕七寶仙境,絕七寶仙境　參
◥霧隱忍武◤,絕七寶仙境,絕七寶仙境　參
★仙露花精★,極七寶仙境,極七寶仙境　壹
★來世象尊★,極七寶仙境,極七寶仙境　壹
★問頂仙龍★,極七寶仙境,極七寶仙境　壹
★妙捷跳鼠★,極七寶仙境,極七寶仙境　壹
★岩羅角獸★,極七寶仙境,極七寶仙境　壹
★幻月銀狼★,極七寶仙境,極七寶仙境　壹
★松齡聖龜★,極七寶仙境,極七寶仙境　壹
★步天敖犬★,極七寶仙境,極七寶仙境　壹
★萬曆星將★,極七寶仙境,極七寶仙境　壹
★霧隱忍武★,極七寶仙境,極七寶仙境　壹
☆仙露花精☆,極七寶仙境,極七寶仙境　壹
☆來世象尊☆,極七寶仙境,極七寶仙境　壹
☆問頂仙龍☆,極七寶仙境,極七寶仙境　壹
☆妙捷跳鼠☆,極七寶仙境,極七寶仙境　壹
☆岩羅角獸☆,極七寶仙境,極七寶仙境　壹
☆幻月銀狼☆,極七寶仙境,極七寶仙境　壹
☆松齡聖龜☆,極七寶仙境,極七寶仙境　壹
☆步天敖犬☆,極七寶仙境,極七寶仙境　壹
☆萬曆星將☆,極七寶仙境,極七寶仙境　壹
☆霧隱忍武☆,極七寶仙境,極七寶仙境　壹
〈仙露花精〉,真七寶仙境,真七寶仙境　壹
〈來世象尊〉,真七寶仙境,真七寶仙境　壹
〈問頂仙龍〉,真七寶仙境,真七寶仙境　壹
〈妙捷跳鼠〉,真七寶仙境,真七寶仙境　壹
〈岩羅角獸〉,真七寶仙境,真七寶仙境　壹
〈帝〉仙露花精,帝七寶仙境,帝七寶仙境　壹
〈帝〉來世象尊,帝七寶仙境,帝七寶仙境　壹
〈帝〉問頂仙龍,帝七寶仙境,帝七寶仙境　壹
〈帝〉妙捷跳鼠,帝七寶仙境,帝七寶仙境　壹
〈帝〉岩羅角獸,帝七寶仙境,帝七寶仙境　壹
〈帝〉幻月銀狼,帝七寶仙境,帝七寶仙境　壹
〈帝〉松齡聖龜,帝七寶仙境,帝七寶仙境　壹
〈帝〉步天敖犬,帝七寶仙境,帝七寶仙境　壹
〈帝〉萬曆星將,帝七寶仙境,帝七寶仙境　壹
〈帝〉霧隱忍武,帝七寶仙境,帝七寶仙境　壹
〈幻月銀狼〉,真七寶仙境,真七寶仙境　壹
〈松齡聖龜〉,真七寶仙境,真七寶仙境　壹
〈步天敖犬〉,真七寶仙境,真七寶仙境　壹
〈神〉仙露花精,神七寶仙境,神七寶仙境　壹
〈神〉來世象尊,神七寶仙境,神七寶仙境　壹
〈神〉問頂仙龍,神七寶仙境,神七寶仙境　壹
〈神〉妙捷跳鼠,神七寶仙境,神七寶仙境　壹
〈神〉岩羅角獸,神七寶仙境,神七寶仙境　壹
〈神〉幻月銀狼,神七寶仙境,神七寶仙境　壹
〈神〉松齡聖龜,神七寶仙境,神七寶仙境　壹
〈神〉步天敖犬,神七寶仙境,神七寶仙境　壹
〈神〉萬曆星將,神七寶仙境,神七寶仙境　壹
〈神〉霧隱忍武,神七寶仙境,神七寶仙境　壹
〈萬曆星將〉,真七寶仙境,真七寶仙境　壹
〈霧隱忍武〉,真七寶仙境,真七寶仙境　壹
《仙露花精》,真七寶仙境,真七寶仙境　壹
《來世象尊》,真七寶仙境,真七寶仙境　壹
《問頂仙龍》,真七寶仙境,真七寶仙境　壹
《妙捷跳鼠》,真七寶仙境,真七寶仙境　壹
《岩羅角獸》,真七寶仙境,真七寶仙境　壹
《帝》仙露花精,帝七寶仙境,帝七寶仙境　壹
《帝》來世象尊,帝七寶仙境,帝七寶仙境　壹
《帝》問頂仙龍,帝七寶仙境,帝七寶仙境　壹
《帝》妙捷跳鼠,帝七寶仙境,帝七寶仙境　壹
《帝》岩羅角獸,帝七寶仙境,帝七寶仙境　壹
《帝》幻月銀狼,帝七寶仙境,帝七寶仙境　壹
《帝》松齡聖龜,帝七寶仙境,帝七寶仙境　壹
《帝》步天敖犬,帝七寶仙境,帝七寶仙境　壹
《帝》萬曆星將,帝七寶仙境,帝七寶仙境　壹
《帝》霧隱忍武,帝七寶仙境,帝七寶仙境　壹
《幻月銀狼》,真七寶仙境,真七寶仙境　壹
《松齡聖龜》,真七寶仙境,真七寶仙境　壹
《步天敖犬》,真七寶仙境,真七寶仙境　壹
《神》仙露花精,神七寶仙境,神七寶仙境　壹
《神》來世象尊,神七寶仙境,神七寶仙境　壹
《神》問頂仙龍,神七寶仙境,神七寶仙境　壹
《神》妙捷跳鼠,神七寶仙境,神七寶仙境　壹
《神》岩羅角獸,神七寶仙境,神七寶仙境　壹
《神》幻月銀狼,神七寶仙境,神七寶仙境　壹
《神》松齡聖龜,神七寶仙境,神七寶仙境　壹
《神》步天敖犬,神七寶仙境,神七寶仙境　壹
《神》萬曆星將,神七寶仙境,神七寶仙境　壹
《神》霧隱忍武,神七寶仙境,神七寶仙境　壹
《萬曆星將》,真七寶仙境,真七寶仙境　壹
《霧隱忍武》,真七寶仙境,真七寶仙境　壹
【仙露花精】,真七寶仙境,真七寶仙境　壹
【來世象尊】,真七寶仙境,真七寶仙境　壹
【問頂仙龍】,真七寶仙境,真七寶仙境　壹
【妙捷跳鼠】,真七寶仙境,真七寶仙境　壹
【岩羅角獸】,真七寶仙境,真七寶仙境　壹
【幻月銀狼】,真七寶仙境,真七寶仙境　壹
【松齡聖龜】,真七寶仙境,真七寶仙境　壹
【步天敖犬】,真七寶仙境,真七寶仙境　壹
【萬曆星將】,真七寶仙境,真七寶仙境　壹
【霧隱忍武】,真七寶仙境,真七寶仙境　壹
一杖虛導,『終末之塔』第79層
七災鬼侯,『終末之塔』第127層
三徊朽靈,虛空渦心,觀無巽宇
三徑座王鬼,觀無巽宇
三昧幼龍,玉旭之巔
三界壞滅尊,終末之塔【第20層】守關者,『終末之塔』第20層
三途棺差,三途之都、恨生不歸途、枉死之城,恨生不歸途,三途之都,枉死之城
三霸象皇,濕婆神廟(第二層),濕婆神廟
不死亡僧,『神煉之間』第一區域,神煉之間
不法骨怪,虛空渦心,觀無巽宇
主宰幻影,破滅之源
九厲邪馬,破滅之源
九天尊雷神王,九霄天樓
九天御風神王,九霄天樓
九天神將,仙庭玉階、闕真金閣,仙庭玉階,闕真金閣
九天邪觀,『天戮魔殿』第一層,天戮魔殿
九尾狐禍影,黃龍秘殿
九廢金剛,『終末之塔』第129層
九毒相柳,『終末之塔』第69層
九界樹巨魔,朗星街
九界樹援軍,龍川沿岸
九界樹花精,越霞關
九華神曜龍,『天授之間』第四層,天授之間
九陽劍宗,五派禁地
九霄英衛,【一般級】『九宵天樓』第一層,九霄天樓
九首邪蟒,濕婆神廟(第一層、第二層),濕婆神廟
亂刀八虛,虛空渦心,不解迴路
亂界雷鬼,紫雷轟原
五嶽劍者,神州武冠台
五毒蜈蚣,河西谷地,葬日沼澤南方(176.22,葬日沼澤南方,鷹翅族部落
五毒蜘蛛精,異時界‧夜叉嶺,瘴癘靈界裂隙
亞忠,東駿徑
亡國之紫‧九尾,終末之塔【第90層】守關者,『終末之塔』第90層
亡者火,濟馬島
亡邪刑天戰骸,異時界‧葬日沼澤北方,異時界‧葬日沼北
亡邪土行骸,異時界‧葬日沼澤北方,異時界‧葬日沼北
亡邪夸父戰尸,異時界‧葬日沼澤北方,異時界‧葬日沼北
亡邪巨靈殭魔,異時界‧葬日沼澤北方,異時界‧葬日沼北
亡邪獵矛夜叉,異時界‧葬日沼澤北方,異時界‧葬日沼北
亡邪百眼死巫,異時界‧葬日沼澤北方,異時界‧葬日沼北
亡邪血斧夜叉,異時界‧葬日沼澤北方,異時界‧葬日沼北
亡邪阿修羅鬼,異時界‧葬日沼澤北方,異時界‧葬日沼北
亡邪鷹族喪兵,異時界‧葬日沼澤北方,異時界‧葬日沼北
亡骸弓箭手,血鴉嶺
京師叛軍,祥鷺古街
京師密探,璇鶯鎮
京師斥侯,璇鶯鎮
亭台聽蝶,東宮碧庭
人蔘精,不老峰（43、93）（184、71）,不老峰
人蔘精‧強,殘雲天境
人間道主宰,六滅血宮
人面獅身,古翰大沙漠
人面獅身像,古翰大沙漠
仇燄魔翼龍,終末之塔【第86層】守關者,『終末之塔』第86層
仙姑,瀰煙山道,半天岩
仙嶺妖禽,懸空仙嶺
仙露花精,七寶仙境,七寶仙境　壹
仿生木狐,五鷹閣
仿生銅蛛,五鷹閣
仿生鐵龍,五鷹閣
仿神．女媧磁偶,五鷹閣
伏毒地蟒,恨生不歸途
佈霾幽蛾,『終末之塔』第125層
低吟澤膠,葭雲廣原
低語枯榕,南瞻聖地
低語魔樹,葭雲廣原
佑天神僧,紫雷轟原
作勢地痞,豫鸞南途
來世象尊,七寶仙境,七寶仙境　壹
侏人工兵鬼魂,幽玄靈界
侏人工鏟兵,蕈菇林,蕈菇林東方,蕈菇林西方
侏人戰士,蕈菇林東方,蕈菇林西方
侏人戰士鬼魂,幽玄靈界
侏人戰將,蕈菇林西方
侏人炸彈兵,蕈菇林東方,蕈菇林西方,地下水道
侏人狂戰士,蕈菇林西方
侏人狂戰將,礦坑戰場
侏人護法,蕈菇林西方
侏人鐵鎬兵,蕈菇林,蕈菇林東方,蕈菇林西方
便衣隨扈,惡狼林
保安騎兵,東駿徑
修羅巨蟒,異時界‧葬日沼澤南方,異時界‧葬日沼南
修羅戰士幻影,義勇軍校場
修羅道主宰,六滅血宮
修羅魔君,魔君天都
修羅魔君鬼魂,魔君陵寢二層
倒懸心魔,『終末之塔』第85層,『終末之塔』第84層
候捕快,碧波谷徑
倭國下忍,釣日村
倭國密探,釣日村
傀儡沙漠刀匪,樓蘭遺址、萬佛窟,萬佛窟,樓蘭遺址
傀儡沙漠射手,樓蘭遺址
傀儡盜匪頭目,樓蘭遺址、萬佛窟,萬佛窟,樓蘭遺址
傘鬼,八荒古墳、葉隱蒼林、長野沙濱,長野沙濱,葉隱蒼林,八荒古墳
傭兵女戰士,疾風谷,大汗陵墓,古北大營,統萬大營
傭兵重鎚手,高昌郡,黑城遺跡,疾風谷,大汗陵墓,古北大營
傭兵飛茅手,高昌郡,黑城遺跡,疾風谷,大汗陵墓
傲慢之魔,【一般級】『神臨之地』第二層 ( 左邊 ),神臨之地
傲霜飛龍,萬岳聖峰、香格里拉神廟、香格里拉聖路,吐蕃集鎮,萬岳聖峰,香格里拉聖路,香格里拉神廟
傷秋劍徒,終末之塔ⅩⅦ
傾天絕邪,寒愴冰獄
兆嗔惡靈,『終末之塔』第109層,『終末之塔』第108層
兇地靈,地靈穴,蕈菇林,蕈菇林東方
兇殘之手,『終末之塔』第28層
光耀神凰,朱雀南殿
克拉罕巨魔,龍池大社
八卦戰虎王,白虎西殿
八天右風王,紫雷轟原
八天左雷王,紫雷轟原
八敗命陀,『終末之塔』第128層
八極凜冰麟,玄武北殿
八歧大蛇,天照不二峰
八熾燹鳳麟,朱雀南殿
八爪海怪,龍宮第七層,龍宮八層一隅,龍宮八層廣場
八荒碧龍麟,青龍東殿
八路王將,九曲邪徑、奈落紅川、寒愴冰獄、永劫刑場,永劫刑場,九曲邪徑,寒愴冰獄,奈落紅川
八部天章,天啓八關,天啟八關
八顛虛兇,『終末之塔』第79層
六宇寰魔見,終末之塔【第166層】守關者,『終末之塔』第166層
六滅邪王,六滅血宮
六首邪鱗,虛空渦心,星群碎道
再生黑后,終末之塔【第70層】守關者,『終末之塔』第70層
再造濕婆,『森羅閻殿』第三層,森羅閻殿
冤水鬼,瘴癘靈界裂隙,怒雪靈界裂隙
冤魂,猛鬼窟一層、猛鬼窟二層,猛鬼窟第一層,猛鬼窟第二層,朝天觀,樓蘭遺址
冥土鬼爪,悲歡渡口、永劫刑場,悲歡渡口,永劫刑場
冥府艷后克麗邁絲,神王金字塔
冥府魘龍,聖禱天廳
冥戶永德,八荒古墳
冥河緝獵手,終末之塔【第71層】守關者,『終末之塔』第71層
冥河黑門將,終末之塔【第75層】守關者,『終末之塔』第75層
冥海力牛,虛空渦心,不解迴路
冥火妖,烈火靈界裂隙
冥燈慘爪,『終末之塔』第2層
冥瘴崩山牛,終末之塔Ⅳ
冥者阿奴比斯,神王金字塔
冥蔘化妖,『終末之塔』第112層,『終末之塔』第111層
冥虛判官,虛空渦心
冥虛短使,虛空渦心
冥虛長使,虛空渦心
冥還黑后,終末之塔【第80層】守關者,『終末之塔』第80層
冥骨獄卒,五派禁地
冥骨精長老,五派禁地,古皇陵密室
冥鬼提訥西,青藏高原
冬興堂主,碧波幽谷
冬興打手,碧波幽谷
冰冑鎧狼,鷗揚浪嶼
冰噬鱷,異時界‧毒龍潭
冰執鐮鼬,內崎埠原、十律原樹海、外崎埠原,內崎埠原,外崎埠原,十津原樹海
冰壁蠍,異時界‧摘星嶺
冰封蜘蛛精,異時界‧夜叉嶺,怒雪靈界裂隙
冰影飛貂,始祖巨林．東
冰獄獠鬼,寒愴冰獄
冰界妖靈,怒雪靈界通道,怒雪洞府
冰界鬼卒,怒雪靈界通道,怒雪洞府,怒雪修煉場
冰眼蟾蜍,異時界‧亂藤林
冰符兵,朗星街
冰絕蜈蚣,異時界‧亂藤林南方,異時界‧亂藤林南
冰蕈傘人,蕈菇林東方,蕈菇林西方,侏人部落,晶湖水道,地下水道,神兵塚
冰蟾蜍,映月泊、百妖穴第一層、萬人塚第一層,映月泊,百妖穴第一層,萬人塚第一層,天山雪道,盤蛇洞
冰蠶蜈蚣,怒雪靈界裂隙
冰鑽蠍,怒雪靈界裂隙
冰霜反譯機虎,蛇眼城
冰骨精長老,五派禁地
冰麟獸,怒雪靈界通道,怒雪洞府
冷刀魔蜥,異時界‧夜叉嶺
冷血狂蜥,獅堡軍事區、血鴉嶺、靜默之丘,血鴉嶺,靜默之丘,獅堡軍事區
冷血者,『終末之塔』第14層
凝水晶體,始祖巨林．東
凡人,五派禁地
凰權天督,仙庭玉階、劍橫天關、闕真金閣,橫劍天關,仙庭玉階,闕真金閣
凱夫山納,神王金字塔
凱布利,荷魯斯聖祠
凱貝潔特,神王金字塔
凶星狼,虛空渦心,覺無洋宇
刀斧手幻影,義勇軍校場
分宙兇土,虛空渦心,不解迴路
切割者,『終末之塔』第19層
刑天戰狂,異時界‧亂藤林,亂藤林,葬日沼澤,葬日沼澤南方
刑天殺王,異時界‧葬日沼澤南方,異時界‧葬日沼南
刑天殺者,異時界‧葬日沼澤南方,異時界‧葬日沼南
刑天殺鬼,異時界‧修羅窟
刑天魔王,葬日沼澤南方
初陰陽師,內崎埠原、神室關所,神室關所,內崎埠原
利鉗蟹兵,龍宮第六層,龍宮第七層,龍宮八層一隅,龍宮八層廣場
剎羽風靈,法誡參道、漆黑水路、真知寺,法誡參道,漆黑水路,真知寺
剎風真帝靈,【一般級】『飛昇大廳』第三層,飛昇大廳
創典黑后,神王金字塔
劇鬼貝倫普因,大梵聖湖
劈天大雷神,闕真金閣
劍仙？,神州武冠台
劍刺傘鬼,八荒古墳
劍山牛魔神,『天戮魔殿』第二層、第三層 (右邊),天戮魔殿
劍聖太極,漢京首府
劍齒灰狼,異時界‧亂藤林南方,異時界‧亂藤林南
劍齒狼,惡狼林、入雲道、八達嶺,入雲道,塞北關,惡狼林,試煉之窟,瀰煙山道,八達嶺,古北口,塞北草原
劍齒狼幻影,義勇軍校場
劍齒鱷,葬日沼澤、葬日沼澤北方,葬日沼澤,葬日沼澤北方,毒龍潭
力士俑,古皇陵第二層、古皇陵第三層,古皇陵第二層,古皇陵第三層
劣評術師,東駿徑
劫掠布盜,『終末之塔』第121層
劫財暴漢,豫鸞南途
劫貨惡棍,殊雁峽
勇士合薩兒,亂石林,關外草原,蒼狼大營
動界武犢,玄武北殿
勞役獸人,風竹塹
化外猩覺,『終末之塔』第9層
化屍大魔棺,『森羅閻殿』第一層,九曲邪徑,森羅閻殿,奈落紅川,荒禍殘墟
化神麒麟,六滅血宮
北原俠女,西宮翠苑
北天吼霸,玄武北殿
北妖蔘,太安道、山海長疆,山海長疆,太安道
北斗星君,五派禁地
北海戰鬼基恩,擎空壁壘
十地魔見,『天戮魔殿』第一層,天戮魔殿
十字總將普萊斯,凱旋廣場
十字軍,止戰邊境、豐穗平原,止戰邊境,豐穗平原
十獄殿主,『森羅閻殿』第一層 ( 右邊 ),奈落紅川、荒禍殘墟,森羅閻殿,奈落紅川,荒禍殘墟
千古怨靈,恨生不歸途
千年樹精,千佛遺跡東側,葬日沼澤,葬日沼澤北方,瀰煙山道,掩月松林,不老峰
千年花精,亂藤林南方,葬日沼澤北方
千年蔘精,天山冰池
千年蜘蛛精,百妖穴第二層
千年蟾蜍精,百妖穴第二層
千年靈芝精,天山冰池
千手妖姬,濕婆神廟(第一層),濕婆神廟
千手神偷,五派禁地
千斤豬狂,劍橫天關、飛雲忘野,飛雲忘野,橫劍天關
千面狐,不老峰、瀰煙山道,瀰煙山道,半天岩,不老峰
半島屍人,漢京首府
半截戰狂,虛空渦心,觀無巽宇
半身虎人,聖域之門、飛簷頂徑、黃塵荒漠,黃塵荒漠,聖域之門,飛簷頂徑
南冥鐵騎,璇鶯鎮
南境蒔花,東宮碧庭
南天火影,朱雀南殿
南瞻常戰區長,南瞻聖地
南蠻女戰士,千佛遺跡西側、摩羅國境,千佛遺跡西側,摩羅國境
南蠻狂戰士,千佛遺跡東側、千佛遺跡西側、摩羅國境,千佛遺跡東側,千佛遺跡西側,摩羅國境
南遼水靈,殊雁峽
南野誠,天山雪道
卜虛盲巫,『終末之塔』第138層
危城巨猩,『終末之塔』第25層,『終末之塔』第24層
危盪弄臣,『終末之塔』第87層,『終末之塔』第86層
厚絨犀,旭陽山徑
原型機兵,五鷹閣
原始土靈,獅堡軍事區
原始水靈,擎空壁壘、獅堡軍事區、靜默之丘,靜默之丘,擎空壁壘,獅堡軍事區
原始火靈,獅堡軍事區
原始風靈,擎空壁壘
原碼改造戰熊,王統新市
原碼改造戰豹,王統新市
原碼改造機兵,王統新市
原碼改造電眼,王統新市
原罪十字軍,【一般級】『神臨之地』第一、二、三層,神臨之地
原鳳蝶精,泰源大社
厲陰魔相,虛空渦心,不解迴路
反向工程電眼,蛇眼城
受驗亡靈,朗星街
叛軍,古北大營
叛逃高昌守衛,塔干沙漠南方
叛道梵鬼,吐蕃集鎮
叢林毒蠍,千佛遺跡東側
叢林猛虎,千佛遺跡東側、千佛遺跡西側,千佛遺跡東側,千佛遺跡西側
叢林蛇王,千佛遺跡西側
叢林野象,千佛遺跡西側
叢林黑豹,千佛遺跡西側
古祖咒靈,泰源大社
古翰沙蟲,古翰大沙漠
史捕快,猢猻嶺
合成兵蜂,南瞻聖地
合成士兵,葭雲廣原
合成尖兵,龍池大社
合成巨犀,桃谷縱道
合成巨猿,桃谷縱道
合成浮鰻,南瞻聖地
合成獅人,白苗峽岸
合成獵手,葭雲廣原
合成蛇女,南瞻聖地
合成蛛女,葭雲廣原
合成蜥人,白苗峽岸
合成象人,桃谷縱道
合成豬人,風竹塹
合成豹人,葭雲廣原
合成馬蟻,終末之塔ⅩⅤ
合成鷹人,白苗峽岸
合成龍獸,南瞻聖地
合薩兒,大汗陵墓
合薩兒幻影,亂石林
吐蕃行者,懸空仙嶺、登天棧道,登天棧道,懸空仙嶺
吞星大饕,終末之塔ⅩⅤ
吞虛兇鱷,『終末之塔』第102層
吞龍獄狼,燕蕩嶺
吸精鬼屍,五派禁地
吸血殭屍,猛鬼窟第二層,萬人塚第三層,樓蘭遺址
吸魄蛛精,終末之塔ⅩⅤ
呼葬祭官,虛空渦心,不解迴路
和事點主,龍川沿岸
咒君拉美西斯,終末之塔【第50層】守關者,『終末之塔』第50層
咒命夕鶴,『終末之塔』第115層,『終末之塔』第114層
咒殺修陀,『終末之塔』第62層
咒殼蠕蝸,『終末之塔』第131層,『終末之塔』第131、135、137、139層,『終末之塔』第135層,『終末之塔』第137層,『終末之塔』第139層
咒法陰陽師,八荒古墳、十律原樹海、外崎埠原,古皇陵近郊,映月泊,外崎埠原,十津原樹海,八荒古墳
咒符將．烏羽仙道,桂熙路
哲別,大汗陵墓
哲別幻影,亂石林
問頂仙龍,七寶仙境,七寶仙境　壹
啞巴殺手,望星坡,碧波谷徑
啼血哀鳳,『終末之塔』第105層,『終末之塔』第104層
喚虛女巫,『終末之塔』第59層,『終末之塔』第58層
喪魂邪屍,濕婆神廟(第一層),濕婆神廟
嗅血劍鯊,虛空渦心,不解迴路
嗇花精,異時界‧亂藤林、異時界‧亂藤林南方,異時界‧亂藤林,異時界‧亂藤林南
嗜血屍妖,鬼城
嗜血禿鷹,塔干沙漠南方
嗜血頭陀,天山雪道,亂藤林東方
嘯地巨犀,蕈菇林西方,晶湖水道,地下水道,神兵塚
嘯地幼犀,蕈菇林東方,蕈菇林西方,晶湖水道,地下水道
嘯槍鬼馬,三途之都、悲歡渡口、枉死之城,三途之都,枉死之城,悲歡渡口
嘯狂之風,波斯西市、清教院街、飛簷頂徑,清教院街,飛簷頂徑,波斯西市
噬人者,破滅之源
噬地梵鬼‧強,殘雲天境西側,殘雲天境
噬屍地蟲,摩羅國境
噬肉活苞,始祖巨林(上半部),始祖巨林
噬魔尊者,朝天觀
噴焰巨龜,火焰山
四相位靈尊,漆黑水路、真知寺、萬識聖宮,漆黑水路,真知寺,萬識聖宮
四聖位化神,【一般級】『飛昇大廳』第四層,飛昇大廳
四聖劍仙,四聖祭台
四腳魔像,『終末之塔』第97層,『終末之塔』第96層
四象晶鎖,【一般級】『飛昇大廳』第四層
國破兇卒,『終末之塔』第88層,『終末之塔』第87層
圖曼,高昌郡
土之精靈,止戰邊境、血鴉嶺,止戰邊境,血鴉嶺
土元素神將,萬識聖宮(外圍),萬識聖宮
土匪,試煉之窟,碧波幽谷,朝天觀,亂藤林東方
土匪幻影,義勇軍校場
土行刺客,異時界‧修羅窟
土行者,千佛遺跡東側,異時界‧亂藤林、異時界‧亂藤林南方,試煉之窟,亂藤林,亂藤林東方,亂藤林南方,葬日沼澤,魔君陵墓,靖南古道,修羅窟,異時界‧亂藤林,異時界‧亂藤林南
土行者幻影,義勇軍校場
土行鬼王,異時界‧亂藤林南方,亂藤林,亂藤林南方,葬日沼澤,魔君陵墓,靖南古道,修羅窟,異時界‧亂藤林南
土行鬼王幻影,義勇軍校場
土行魔,異時界‧葬日沼澤南方,異時界‧葬日沼南
土行魔王,異時界‧葬日沼澤南方,異時界‧葬日沼南
地動象神,六滅血宮
地斗大元帥,『天戮魔殿』第二層、第三層 (左邊),天戮魔殿
地煞,神兵塚
地煞幻影,神兵塚
地獄女爵,凱旋廣場、聖禱天廳,凱旋廣場,聖禱天廳
地獄狂獅王,【一般級】『神臨之地』第二層 ( 右邊 ),神臨之地
地獄蜥蜴人,【一般級】『神臨之地』第二層 ( 右邊 ),神臨之地
地獄道主宰,六滅血宮
地獄鷹身女,【一般級】『神臨之地』第二層 ( 右邊 ),神臨之地
地穴樹精,蕈菇林東方,蕈菇林西方,晶湖水道
地靈,地靈穴,蕈菇林,蕈菇林東方
埋伏官差,惡狼林,映月泊
執怨般若,十律原樹海、天照不二峰,十津原樹海,天照不二峰
基改戰兵BJL,風竹塹、龍池大社,風竹塹,龍池大社
基改戰兵FLM,南瞻聖地
基改戰兵RYU,桃谷縱道
報喪七王爺,『森羅閻殿』第二層 ( 右邊 ),奈落紅川、荒禍殘墟,森羅閻殿,奈落紅川,荒禍殘墟
塞赫麥特,荷魯斯聖祠
塵泥羊巫,古翰大沙漠
墟漠矮靈,『終末之塔』第39層
墮天魔佛,金宵佛寺,金霄佛寺
墮真劍仙,繚空碎島、飛雲忘野,繚空碎島,飛雲忘野
墮真劍邪‧強,殘雲天境東側,殘雲天境
墮簾月牙妖,【一般級】『九宵天樓』第二層,九霄天樓
墮虛之翅,虛空渦心,覺無洋宇
墮魔巫女,擎空壁壘、獅堡軍事區、靜默之丘,靜默之丘,擎空壁壘,獅堡軍事區
壞界冥獅,音無晶宇
士兵俑,古皇陵第一層、古皇陵第二層,古皇陵第一層,古皇陵第二層,古皇陵第三層
壯脂鑿齒,『終末之塔』第67層
壹崎幻忍,濟馬島
多姆泰夫,荷魯斯聖祠
夜叉刀斧手,玄州城,獄門峽,亂藤林西方,毒龍潭,摘星嶺,魔君陵寢一層,夜叉嶺,修羅窟
夜叉刺客,鎮南關
夜叉殺斧妖,異時界‧夜叉嶺
夜叉獵矛手,異時界‧摘星嶺
夜叉王,異時界‧摘星嶺,玄州城,獄門峽,摘星嶺,夜叉嶺
夜叉王幻影,義勇軍校場
夜叉禍槍鬼,異時界‧夜叉嶺
夜叉荒斧鬼,異時界‧夜叉嶺
夜叉血刀妖,異時界‧夜叉嶺
夜叉血斧手,異時界‧摘星嶺
夜叉邪棒妖,異時界‧夜叉嶺
夜叉長矛手,玄州城,獄門峽,亂藤林西方,毒龍潭,摘星嶺,魔君陵寢一層,夜叉嶺,修羅窟
夜叉鬼斧者,異時界‧修羅窟、異時界‧毒龍潭,異時界‧毒龍潭,異時界‧修羅窟
夜叉魔槍者,異時界‧修羅窟、異時界‧毒龍潭,異時界‧毒龍潭,異時界‧修羅窟
夜行大盜,長林谷
夜鴆鱗莽,波斯西市、漆黑水路,波斯西市,漆黑水路
夢花蝶仙,劍橫天關、飛雲忘野,飛雲忘野,橫劍天關
夢迴草,浮世夢鄉
大仁波切聖魂,『天授之間』第四層,天授之間
大內秘衛,藏意武窟
大刀賊寇,長林谷
大力熊,不老峰、桃花林西方、桃花林南方,桃花林西方,桃花林南方,不老峰
大將衝石徹,黑城遺跡,關外草原
大山犬,古皇陵近郊,平西關,試煉之窟,神室關所
大山豬,古皇陵近郊、猢猻嶺,惡狼林,古皇陵近郊,猢猻嶺,封神臺,試煉之窟,亂藤林西方,鷹翅族部落
大惡犬,古皇陵近郊
大汗祭司,神州武冠台
大汗親兵,亂石林,黑城遺跡,疾風谷,大汗陵墓,統萬大營
大江山邪鬼,六滅血宮
大滅霸,『終末之塔』第25層
大狂犬,古皇陵近郊
大狂猴,古皇陵近郊、猢猻嶺,古皇陵近郊,猢猻嶺,試煉之窟
大獒犬,長林谷
大王花精,異時界‧亂藤林南方,異時界‧亂藤林南
大盜,碧波幽谷,朝天觀,亂藤林東方
大盜幻影,義勇軍校場
大蛤蟆,琉瑯岩灣
大蜘蛛,望星坡、碧波谷徑,望星坡,試煉之窟
大蟾蜍,古皇陵近郊、平西關,古皇陵近郊,映月泊,平西關,試煉之窟
大野豬,古皇陵近郊,釣日村,試煉之窟
大野豬幻影,義勇軍校場
大鵬金翅鳥,濕婆神廟(第一層、第二層)、金宵佛寺,金霄佛寺,濕婆神廟
大黑天,火焰山、萬佛窟,萬佛窟,火焰山
大黑天‧強,殘雲天境東側,殘雲天境
大黑天尊者,火焰山,樓蘭遺址
大黑天幻影,萬佛窟
大黑天王,樓蘭遺址 ( 頂層 ),樓蘭遺址
大黑豹,異時界‧亂藤林南方,異時界‧亂藤林南
天劫刀夜叉,魔君天都
天劫刑天,魔君天都
天劫刑天王,魔君天都
天劫土行王,魔君天都
天劫土行者,魔君天都
天劫夜叉斧鬼,魔君天都
天劫夜叉槍鬼,魔君天都
天劫夜叉王,魔君天都
天劫大夜叉,異時界‧夜叉嶺
天劫夸父,魔君天都
天劫夸父王,魔君天都
天劫巨靈,魔君天都
天劫巨靈王,魔君天都
天劫擊夜叉,魔君天都
天劫斧夜叉,魔君天都
天劫百眼巫,魔君天都
天劫百眼王,魔君天都
天劫花精,魔君天都
天劫金鷹王,魔君天都
天劫鷹翅軍,魔君天都
天地宰相,仙庭玉階
天外神僧,五派禁地
天尊獅座,白虎西殿
天山巨猿,天山冰池
天山惡狼,天山冰池
天山老虎,天山冰池
天山雪狼,天山冰池
天山食人虎,天山冰池
天師？,神州武冠台
天影犄麟,虛空渦心,星群碎道
天慧爆錘,『終末之塔』第8層
天戮三滅視,香格里拉聖路
天柱巨靈,紫雷轟原
天樓龍驍將,【一般級】『九宵天樓』第三層,九霄天樓
天海神蛟,仙庭玉階、闕真金閣,仙庭玉階,闕真金閣
天湖櫻魚,玉旭之巔
天照陰陽師,神州武冠台
天狗,十律原樹海、天照不二峰、葉隱蒼林,葉隱蒼林,十津原樹海,天照不二峰
天獄刑天,虛空渦心,觀無巽宇
天王道主宰,六滅血宮
天艷火凰,六滅血宮
天谷禿鷹,大梵聖湖、青藏高原,青藏高原,大梵聖湖
天邪道人,長林谷
天邪魎王,伊取川大陣
天門巫覡,祥鷺古街
天門教徒,璇鶯鎮
天門教至尊,五鷹閣,修羅級五鷹閣
天門暴獸,五鷹閣
天門殘兇,始祖巨林．西
天門殘黨,豫鸞南途
天門秀衛,燕蕩嶺
天門隨者,祥鷺古街
天風聖靈,萬識聖宮
天鬼神羅奢薩,『神煉之間』第三區域,神煉之間
天龍驃龍神,【一般級】『九宵天樓』第三層,九霄天樓
太初劍魄,劍橫天關,橫劍天關
太古傾天絕邪,異時界‧夜叉嶺
太古凝淤,風竹塹
太古土魁‧強,殘雲天境西側,殘雲天境
太古天風‧強,殘雲天境西側,殘雲天境
太古妖泥,葭雲廣原
太古安康,大寶礁,龍宮第三層,龍宮第五層,龍宮八層廣場
太古射俑,紫雷轟原
太古戰俑,紫雷轟原
太古樹衛,始祖巨林(上半部),始祖巨林
太古水靈‧強,殘雲天境西側,殘雲天境
太古沉風,風竹塹
太古火尊‧強,殘雲天境西側,殘雲天境
太古石龜,南瞻聖地
太古魔手,南瞻聖地
太古魔膠,南瞻聖地
太極劍官,漢京首府、濟馬島、白餘古城,白餘古城,濟馬島,漢京首府
太極武妃,漢京首府、濟馬島、白餘古城,白餘古城,濟馬島,漢京首府
太淵巨咒龜,王統新市
太淵獵魂將,終末之塔【第163層】守關者,『終末之塔』第163層
太白無常,異時界‧亂藤林西方,異時界‧亂藤林西
失序亂兵,『終末之塔』第86層,『終末之塔』第85層
夷林巨象,異時界‧葬日沼澤
夸父勇士,亂藤林西方
夸父戰士,亂藤林西方
夸父戰神王,異時界‧修羅窟
夸父狂魔,異時界‧修羅窟
夸父猛者,異時界‧葬日沼澤南方,異時界‧葬日沼南
奇樞機人,五鷹閣
奈落邪鬼,奈落紅川、永劫刑場,永劫刑場,奈落紅川
奈赫貝特,荷魯斯聖祠
奔潮鹿,鷗揚浪嶼
奔雷手,五派禁地
奠甲鬥士,虛空渦心,星群碎道
奪魂天魔,神煉之間
奪魂海魅,極東海域
奪魄黑死將,『天戮魔殿』第二層、第三層 (左邊),天戮魔殿
女王蜂,桃花林,桃花林西方,桃花林南方
女王護法,亂石林,黑城遺跡,疾風谷,大汗陵墓,蒼狼大營
女邪蜘蛛‧強,殘雲天境東側,殘雲天境
好事遊人,殊雁峽
妄想非僧,異時界‧葬日沼澤
妄義負官,終末之塔【第19層】守關者,『終末之塔』第19層
妖三娘翦虹,凌風修境(第二區),凌風修境
妖化沙蟲,火焰山
妖煞蟲王,火焰山
妖狸射手,不老峰、桃花林、桃花林東方,桃花林東方,桃花林,不老峰
妖靈屍骸,烈火靈界裂隙,瘴癘靈界裂隙,怒雪靈界裂隙
妖面蜘蛛,百妖穴第一層、百妖穴第二層,百妖穴第一層,亂藤林東方,百妖穴第二層
妙捷跳鼠,七寶仙境,七寶仙境　壹
始祖劾龍王,始祖巨林
始魔巴爾,神臨之地
始魔梅非斯特,神臨之地
孔雀聖師,神州武冠台
宇外兇鬥士,終末之塔【第146層】守關者,『終末之塔』第146層
宇都宮長齋,內崎埠原
守嶽霜帝,『天授之間』第四層 (「大仁波切聖魂 」召喚 )
守關妖將,終末之塔Ⅰ,終末之塔Ⅱ,終末之塔Ⅲ,終末之塔Ⅳ,終末之塔Ⅶ,終末之塔Ⅸ,終末之塔ⅩⅠ,終末之塔ⅩⅡ,終末之塔ⅩⅣ,終末之塔ⅩⅤ
守陵人獅像,赫勒神殿遺址
安康,珊瑚帶,大寶礁,龍宮第三層
宮國娃魚,終末之塔ⅩⅦ
宮廟浪客,龍川府
寄生上嬪,漢京首府
密宗班禪,神州武冠台
密林妖禽,千佛遺跡東側、千佛遺跡西側,千佛遺跡東側,千佛遺跡西側
富嶽山神,六滅血宮
富田莊八郎,長野沙濱
寒冰鬼卒,怒雪靈界裂隙
寒洞蟒,琉瑯岩灣
寒霜蛇,怒雪靈界裂隙
寒骨獄卒,五派禁地
射命虛狸,虛空渦心
射鵰高手,獄門峽
將軍俑,古皇陵第三層
尊主山豬,臺興中州
小冰蕈傘人,蕈菇林東方,蕈菇林,蕈菇林西方,侏人部落,晶湖水道,地下水道,神兵塚
小地藏王,蕈菇林西方,侏人部落,晶湖水道,地下水道,水晶礦坑,神兵塚,幽玄靈界
小夜叉士兵,異時界‧亂藤林、異時界‧亂藤林西方,玄州城,獄門峽,亂藤林,亂藤林西方,摘星嶺,靖南古道,夜叉嶺,異時界‧亂藤林,異時界‧亂藤林西
小夜叉奴隸,玄州城,獄門峽,亂藤林西方,摘星嶺,靖南古道,夜叉嶺
小夜叉飛斧手,異時界‧亂藤林、異時界‧亂藤林西方,玄州城,獄門峽,亂藤林,亂藤林西方,摘星嶺,靖南古道,夜叉嶺,異時界‧亂藤林,異時界‧亂藤林西
小妖狸,桃花林,桃花林東方
小氣刺客,塞北關
小流氓,猢猻嶺
小火蕈傘人,蕈菇林東方,蕈菇林,蕈菇林西方,侏人部落,神兵塚
小蕈傘人,蕈菇林東方,地靈穴,蕈菇林,蕈菇林西方,侏人部落,神兵塚
小蕈傘人元靈,幽玄靈界
小虎魨,臨海道,魚棲地,海草林,珊瑚帶,龍宮第一層,龍宮第三層
小蠍子,巨猿洞窟第二層、亂藤林,巨猿洞窟二層,亂藤林,摘星嶺
小頑童,半天岩,不老峰
小黑龍,龍宮第七層
尸薩滿,終末之塔Ⅷ
尼絡女鬥士,太陽神大道
尼絡暴獸,『終末之塔』第54層,『終末之塔』第53層
尼絡狂鱷,『終末之塔』第55層,『終末之塔』第54層
屍妖,鬼城
屍犬,鬼城、猛鬼窟、萬人塚,平西關,望星坡,鬼城,猛鬼窟第一層,萬人塚第一層,萬人塚第二層
屍犬幻影,義勇軍校場
屍花精,五派禁地
屍速烈骸,漢京首府
屍靈劍俑,古皇陵密室
屍靈將軍俑,古皇陵密室
屍靈戈俑,古皇陵密室
屍靈武士俑,古皇陵密室
屍靈箭俑,古皇陵密室
屍靈雙斧俑,古皇陵密室
屍靈雙錘俑,古皇陵密室
屍靈首,古皇陵密室
屍骸,地靈穴,蕈菇林,蕈菇林東方,蕈菇林西方,侏人部落,地下水道,水晶礦坑
山大王,半天岩
山嬰魚,泰源大社
山寨大王,塞北關,映月泊,封神臺,亂藤林東方
山寨小賊,封神臺
山林地俠宗,西校場
山犬,紫霞山養心觀,惡狼林,封神臺,試煉之窟
山犬王,古皇陵近郊
山神豬,五派禁地
山羊,河西谷地,河西谷地、塞北草原,塞北草原,呼倫草原,貝爾草原
山蓮打手,碧波幽谷
山蓮首領,碧波幽谷
山豬,古皇陵近郊、望星坡,惡狼林,古皇陵近郊,望星坡,封神臺,試煉之窟,亂藤林西方,鷹翅族部落
山豬幻影,義勇軍校場
山賊,塞北關,映月泊,猢猻嶺,封神臺,試煉之窟
山賊幻影,義勇軍校場
山賊頭目,塞北關,映月泊,猢猻嶺,封神臺
山雲行僧,神州武冠台
山魅,瀰煙山道、半天岩（晚上）,盤蛇洞,瀰煙山道,半天岩
山魔,桃花林西方
岩羅角獸,七寶仙境,七寶仙境　壹
岩龜,塔干沙漠南方、塔干沙漠東方、樓蘭遺址,塔干沙漠東方、塔干沙漠南方,塔干沙漠東方,塔干沙漠南方,樓蘭遺址
岷白山羌,白苗峽岸
岷白戰士,白苗峽岸
岷白迅伕,白苗峽岸
岷白鬥雄,白苗峽岸
峭影山凶,燕蕩嶺
峽谷矮靈,『終末之塔』第42層,『終末之塔』第41層
峽谷蠻獸,托勒密山麓
崔甲煥,白餘古城
崩塔鉤蟊,終末之塔ⅩⅦ
嵐荒天虎‧強,殘雲天境西側,殘雲天境
巖崴魔魁,玄武北殿
巡天千戶,劍橫天關、飛雲忘野,飛雲忘野,橫劍天關
巡天監,凌風修境(第一二區)、登龍道、繚空碎島,登龍道,凌風修境,繚空碎島
巡天舞將,凌風修境(第三區)、繚空碎島,凌風修境,繚空碎島
巡天遊龍,登龍道
左右打手,惡狼林
左塞爾巨像,荷魯斯聖祠
巨冥虛蔘王,終末之塔ⅩⅡ
巨峰蛤蟆,泰源大社
巨憾之土,波斯西市、清教院街,清教院街,波斯西市
巨灰鼠,古皇陵第一層、古皇陵第二層,古皇陵第一層,古皇陵第二層,鎮南關密道,魔君陵寢一層,魔君陵寢二層,恨生不歸途
巨狂猿,碧波谷徑、摘星嶺,巨猿洞窟二層,碧波幽谷,摘星嶺,夜叉嶺
巨石怪,桃花林西方
巨石魔,烈火靈界裂隙,怒雪靈界裂隙,五派禁地
巨禿鷹,塔干沙漠南方、塔干沙漠東方、樓蘭遺址、火焰山、萬佛窟,塔干沙漠東方,塔干沙漠南方,萬佛窟,樓蘭遺址,火焰山
巨蜈蚣,河西谷地,河西谷地、鎮南關密道、亂藤林,鎮南關密道,亂藤林,葬日沼澤南方,地靈穴
巨蜘蛛,望星坡、碧波谷徑,望星坡,碧波谷徑,古皇陵第一層,百妖穴第一層,試煉之窟,百妖穴第二層
巨蝙蝠,古皇陵第一層、古皇陵第二層,古皇陵第一層,古皇陵第二層,鎮南關密道,魔君陵寢一層,魔君陵寢二層,古皇陵第三層,盤蛇洞
巨螯蝦兵,桃花林東方、桃花林南方,桃花林東方,桃花林南方,珊瑚帶,大寶礁,龍宮八層廣場
巨蟾蜍,河西谷地,古皇陵近郊、平西關,古皇陵近郊,映月泊,平西關,碧波谷徑,巨猿洞窟一層,百妖穴第一層,試煉之窟,萬人塚第一層,葬日沼澤北方
巨蠍子,塔干沙漠東方、樓蘭遺址、河西谷地,飛仙岩、塔干沙漠東方、摘星嶺,飛仙岩,朝天嶺,亂藤林東方,摘星嶺,河西谷地,塔干沙漠東方,樓蘭遺址
巨蠶,殊雁峽
巨角龜,桃花林東方
巨象騎兵,金宵佛寺,金霄佛寺
巨象騎射手,金宵佛寺,金霄佛寺
巨鉗蟹將,龍宮第七層,龍宮八層一隅,龍宮八層廣場
巨錘猴精,千佛遺跡東側、千佛遺跡西側,千佛遺跡東側,千佛遺跡西側
巨靈悍匪,千佛遺跡東側
巨靈煞,異時界‧修羅窟、異時界‧毒龍潭,異時界‧毒龍潭,異時界‧修羅窟
巨靈魔,異時界‧亂藤林,獄門峽,亂藤林,毒龍潭,摘星嶺,魔君陵墓
巨靈魔侍,異時界‧葬日沼澤南方,異時界‧葬日沼南
巨靈魔山王,異時界‧摘星嶺
巨靈魔幻影,義勇軍校場
巨靈魔王,摘星嶺,魔君陵墓,魔君陵寢一層,修羅窟
巨靈魔王幻影,義勇軍校場
巨靈魔衛,異時界‧摘星嶺
巨顎陸行鯊,琉瑯岩灣
巨鮫平次郎,長野沙濱
巨鼠,古皇陵第一層、古皇陵第二層,古皇陵第一層
巫毒魅手,祥鷺古街
布衣幫小頭目,高昌郡
布衣幫響馬,高昌郡
布衣幫首領,高昌郡
布雷克,玉旭之巔
帝御飛龍維邦,獅堡軍事區
帝．仙露花精,帝七寶仙境,帝七寶仙境　壹
帝．來世象尊,帝七寶仙境,帝七寶仙境　壹
帝．問頂仙龍,帝七寶仙境,帝七寶仙境　壹
帝．妙捷跳鼠,帝七寶仙境,帝七寶仙境　壹
帝．岩羅角獸,帝七寶仙境,帝七寶仙境　壹
帝．幻月銀狼,帝七寶仙境,帝七寶仙境　壹
帝．松齡聖龜,帝七寶仙境,帝七寶仙境　壹
帝．步天敖犬,帝七寶仙境,帝七寶仙境　壹
帝．萬曆星將,帝七寶仙境,帝七寶仙境　壹
帝．霧隱忍武,帝七寶仙境,帝七寶仙境　壹
幕影忍者,伊取川大陣、十律原樹海、外崎埠原,外崎埠原,十津原樹海,伊取川大陣
幕後首腦,惡狼林
幸運草,晶湖水道,地下水道,水晶礦坑
幻晶巨儡,虛空渦心,音無晶宇
幻月銀狼,七寶仙境,七寶仙境　壹
幻業僧魔,無限鬥界
幻業劍魔,無限鬥界
幻業勇魔,無限鬥界
幻業術魔,無限鬥界
幻業道魔,無限鬥界
幻殺修羅,『終末之塔』第104層
幻滅巨龍,【一般級】『神臨之地』第三層,神臨之地
幻色蜥蜴,異時界‧亂藤林
幻雷妖煞,神兵塚
幻面蜘蛛,長林谷
幻鬼虎,虛空渦心,覺無洋宇
幻魔‧海蛇,【一般級】『神臨之地』第一層,神臨之地
幻魔‧火鐮,【一般級】『神臨之地』第一層,神臨之地
幻魔忍無鄉,劍橫天關,橫劍天關
幻魔海魅,極東海域
幼犀元靈,幽玄靈界
幽冥犬,猛鬼窟一層,猛鬼窟第一層,萬人塚第二層,萬人塚第三層
幽冥犬幻影,義勇軍校場
幽空飛龍‧強,殘雲天境東側,殘雲天境
幽虛遮罩,虛空渦心
幽谷翔龍,大梵聖湖、懸空仙嶺、登天棧道、青藏高原,登天棧道,懸空仙嶺,青藏高原,大梵聖湖
幽閉怒獸,『終末之塔』第91、92層,『終末之塔』第91層,『終末之塔』第92層
幽靈水母,龍宮第五層,龍宮八層廣場
幽駭犬,鬼城
幽魂,鬼城
庫努牡,荷魯斯聖祠
廢土犁者,虛空渦心,覺無洋宇
廣路石虎,豫鸞南途
弒空之螯,虛空渦心,覺無洋宇
弔靈八王爺,『森羅閻殿』第二層 ( 左邊 ),奈落紅川、荒禍殘墟,森羅閻殿,奈落紅川,荒禍殘墟
強化戰兵BJL,桃谷縱道
強化戰兵FLM,龍池大社
強襲飛龍,青龍東殿
弼馬夫,東駿徑
彎刀河獸,太陽神大道
彪虎古戰神,【一般級】『飛昇大廳』第一、二、三層,飛昇大廳
影協術士,神州武冠台
影國弓兵,終末之塔ⅩⅥ
影國步兵,終末之塔ⅩⅥ
影國策士,終末之塔ⅩⅥ
影妖狐,虛空渦心,覺無洋宇
影武暗部,藏意武窟
影石魔,虛空渦心,時沒邊界
往生血眼,懸空仙嶺、青藏高原,懸空仙嶺,青藏高原
征疆上忍,白餘古城
征疆中忍,太安道、東海道,太安道,東海道
征疆弓手,太安道、山海長疆、齊襄道,山海長疆,齊襄道,太安道
征疆散兵,太安道、山海長疆,山海長疆,太安道
征疆浪客,太安道、山海長疆、齊襄道,山海長疆,齊襄道,太安道
征軍駱駝,波斯西市、漆黑水路,波斯西市,漆黑水路
後里駿馬,臺興中州
御使陰陽師,伊取川大陣、八荒古墳、天照不二峰,天照不二峰,八荒古墳,伊取川大陣
御劍宗師,神州武冠台
御天七彩牛,『天授之間』第一層、第三層,香格里拉神廟,吐蕃集鎮,天授之間
御獅大將軍,『森羅閻殿』第三層,森羅閻殿
忌天魔將像,終末之塔【第83層】守關者,『終末之塔』第83層
怒咆穢猿,『終末之塔』第32層,『終末之塔』第31層
怒威象神,濕婆神廟(第二層),濕婆神廟
怒心梵鬼,『神煉之間』第一區域,神煉之間
怒拳狼王,始祖巨林(上半部),始祖巨林
怒海狂蛟,極東海域
怒疆霸龍,青龍東殿
怒相．辰紫荊,修羅級俠隱樓
怒砂土靈,聖域之門、黃塵荒漠,黃塵荒漠,聖域之門
怒裂睚眥,『終末之塔』第67層,『終末之塔』第66層
怒雪麒麟,怒雪洞府,怒雪修煉場
怒雷尊者,仙庭玉階、劍橫天關、飛雲忘野,飛雲忘野,橫劍天關,仙庭玉階
怨咒靈車,『終末之塔』第96層
怨靈,鬼城,五派禁地
怨靈水母,龍宮第二層
怪物大王,『終末之塔』第124層
悍野獅,止戰邊境、豐穗平原,止戰邊境,豐穗平原
悲春僧祇,終末之塔ⅩⅦ
悽璽凍靈王,終末之塔【第129層】守關者,『終末之塔』第129層
惡僧人,桃花林東方,桃花林南方
惡劣債主,釣日村
惡土匪,鎮南關密道
惡水妖,桃花林西方
惡水鬼,映月泊、萬人塚第三層、葬日沼澤北方,映月泊,怒雪修煉場,朝天觀,葬日沼澤北方,萬人塚第三層
惡浪狂獵,終末之塔Ⅴ
惡犬,古皇陵近郊,塞北關,釣日村,平西關,望星坡,試煉之窟
惡行犯,『終末之塔』第11層
惡靈弓手,五派禁地
惡靈殭屍,五派禁地
惡靈骷髏兵,五派禁地
惡鬼,內崎埠原、八荒古墳,古皇陵近郊,內崎埠原,八荒古墳
惡魔,擎空壁壘、血鴉嶺、豐穗平原、靜默之丘,豐穗平原,血鴉嶺,靜默之丘,擎空壁壘
慶季客,臺興中州
憾山拳熊,玄武北殿
懲善判官,九曲邪徑、寒愴冰獄、悲歡渡口、枉死之城,枉死之城,悲歡渡口,九曲邪徑,寒愴冰獄
我流無賴,白餘古城
截拳虎衛,白虎西殿
戰嵐先銳,泰源大社
戰嵐勇將,玉旭之巔
戰嵐女將,玉旭之巔
戰嵐女巫,旭陽山徑、風竹塹,旭陽山徑,風竹塹
戰嵐女衛,旭陽山徑
戰嵐悍尊長,玉旭之巔
戰嵐拳士,旭陽山徑
戰嵐敗兵,葭雲廣原
戰嵐斥侯,旭陽山徑
戰嵐烈英,始祖巨林．東、始祖巨林．西,始祖巨林．東,始祖巨林．西
戰嵐狂將,玉旭之巔
戰嵐男衛,旭陽山徑
戰嵐盲巫,玉旭之巔
戰嵐術師,泰源大社
戰嵐襲兵,泰源大社
戰嵐角犀,玉旭之巔
戰嵐雄豪,始祖巨林．東、始祖巨林．西,始祖巨林．東,始祖巨林．西
戰嵐難民,葭雲廣原
戰嵐鱗鱷,玉旭之巔
戰火刀魔,朱雀南殿
托勒密魔鱷,托勒密山麓
托特,荷魯斯聖祠
扞河龐蟹,『終末之塔』第108層,『終末之塔』第107層
扶乩大喪神,荒禍殘墟
扶疏樹精,東宮碧庭
披火旱犀,始祖巨林．西
拂雲崩龍,青龍東殿
拉‧荷魯斯,荷魯斯聖祠
拉薩跳神,疾風谷,古北大營
拔山象妖,摩羅國境、菩提聖原,摩羅國境,菩提聖原
拘魂使,三途之都、恨生不歸途、枉死之城,恨生不歸途,三途之都,枉死之城
拘魂白無常,九曲邪徑、悲歡渡口、永劫刑場,悲歡渡口,永劫刑場,九曲邪徑
招靈巫祀,『終末之塔』第34層
挑羊點尖,『終末之塔』第49層
挪宇大風神,闕真金閣
掀濤水靈,漆黑水路、真知寺,漆黑水路,真知寺
掠空兇翼,擎空壁壘、血鴉嶺、靜默之丘,血鴉嶺,靜默之丘,擎空壁壘
掠魂白死將,『天戮魔殿』第二層、第三層 (左邊),天戮魔殿
採石奴,吉薩走廊
控軍機人,五鷹閣
提刑差,三途之都、恨生不歸途、枉死之城,恨生不歸途,三途之都,枉死之城
提刑黑無常,九曲邪徑、悲歡渡口、永劫刑場,悲歡渡口,永劫刑場,九曲邪徑
換血戰兵,終末之塔ⅩⅤ
搖風飛蠻,虛空渦心,時沒邊界
搗藥兔,掩月松林,桃花林西方
搗蛋小狸貓,桃花林東方
搫土聖靈,萬識聖宮(外、內圍),萬識聖宮
摩羅女武侍,大梵河岸、金宵佛寺,大梵河岸,金霄佛寺
摩羅御軍射手,大梵河岸、菩提聖原,菩提聖原,大梵河岸
摩羅御軍戰士,大梵河岸、菩提聖原,菩提聖原,大梵河岸
摩羅戰象,菩提聖原
操毒鴆靈王,終末之塔【第109層】守關者,『終末之塔』第109層
操炎赤靈王,終末之塔【第99層】守關者,『終末之塔』第99層
擲虛夜叉,虛空渦心,觀無巽宇
攔路客,殊雁峽
攔路賊,鎮南關密道
改造機關人,越霞關
散元劍狂,虛空渦心,星群碎道
斃法巫孺,虛空渦心,不解迴路
文誅筆妄言,飛雲忘野
斑紋蜘蛛,望星坡、碧波谷徑,望星坡,碧波谷徑,古皇陵第一層,古皇陵第二層,百妖穴第一層,亂藤林東方,百妖穴第二層
斬塔罪刀,『終末之塔』第109層
斬斧牛妖,三途之都、悲歡渡口、枉死之城,三途之都,枉死之城,悲歡渡口
斬神風鼬,太安道、東海道,太安道,東海道
斬魄影刃,破滅之源
斯芬克斯銅像,神王金字塔
新郡白虎,溥山新郡
方洪保,獄門峽
方舟機兵,風竹塹
方舟空拍機,南瞻聖地
方舟翼衛,桃谷縱道
方舟金豹,白苗峽岸
方舟鉻熊,桃谷縱道
方舟鉻虎,桃谷縱道
方舟銀豹,白苗峽岸
方舟鋼豹,風竹塹
方舟鐵熊,南瞻聖地
方舟電眼,白苗峽岸
旋幽虛靈,『終末之塔』第21層
旱野蛇魔,大梵河岸、菩提聖原、金宵佛寺,菩提聖原,大梵河岸,金霄佛寺
昇塔赤靈,『終末之塔』第21層
昇龍草,封神臺
明潭水靈,始祖巨林．東
星墜重隕,『終末之塔』第97層
星宇諸滅者,終末之塔【第10層】守關者,『終末之塔』第10層
星沉鋼翼虎,終末之塔【第160層】守關者,『終末之塔』第160層
星淵潛狂,『終末之塔』第93層,『終末之塔』第91、92層,『終末之塔』第91層,『終末之塔』第92層
星虎白皇,白虎西殿
時之天守,無限鬥界
時幻‧五族龍帝,無限鬥界
時幻‧四殿霸將,無限鬥界
時幻‧武神超體,無限鬥界
時業魔王‧卡馬,無限鬥界
時真靈狸,天啓八關,天啟八關
晶凍傀儡,寒愴冰獄
晶化蕈體,虛空渦心,覺無洋宇
晶嶽巨像,虛空渦心,星群碎道
晶石巨怪,水晶礦坑
晶石巨魔,神兵塚
晶石怪,侏人部落,晶湖水道,地下水道,水晶礦坑,神兵塚
晶石魔怪,神兵塚
暗蝕魔瞳,虛空渦心,覺無洋宇
暗風追翼,虛空渦心,星群碎道
暴拳狌狌,『終末之塔』第64層
暴風尊者,仙庭玉階、劍橫天關、飛雲忘野,飛雲忘野,橫劍天關,仙庭玉階
暴風虛魂,虛空渦心,音無晶宇
暴風邪神,火焰山
曲水祖花精,始祖巨林．東
月光鋼豹,終末之塔ⅩⅤ
朝天妖道,飛雲忘野
木乃伊,古翰大沙漠,終末之塔Ⅷ
末法如座,終末之塔【第7層】守關者,『終末之塔』第7層
朱燕后衛,西宮翠苑
東天龍人,青龍東殿
東庭古木,東宮碧庭
東校場司尉,東校場
東校場士兵,東校場
東校場精衛,東校場
東校場鎮軍,東校場
東校精衛,皇城
東校鎮軍,皇城
東海溺靈,東海道
東瀛劍豪,神州武冠台
東瀛漂流者,鷗揚浪嶼
東門守衛,東駿徑
東陣悍馬,東校場
東陣獵鷹,東校場
東陣黑豹,東校場
松齡聖龜,七寶仙境,七寶仙境　壹
林口活蔓,始祖巨林(下半部),始祖巨林
林間老屍,千佛遺跡西側
林魅,桃花林西方、掩月松林,桃花林,桃花林西方,盤蛇洞,掩月松林
林魔,桃花林西方
枯血鬼爪,『終末之塔』第39層,『終末之塔』第38層
查拉欽,【一般級】『飛昇大廳』頂樓,飛昇大廳
柱末腐豚,『終末之塔』第57層,『終末之塔』第56層
桃花兵蜂,桃花林、桃花林東方、桃花林西方,桃花林東方,桃花林,桃花林西方,桃花林南方
桃花蜂,桃花林、桃花林東方、桃花林西方,桃花林東方,桃花林,桃花林西方,桃花林南方
桃谷特戰區長,桃谷縱道
梅花鹿,臺興中州
梭魚群,臨海道,魚棲地,海草林,大寶礁,龍宮第六層
梵煞金陀烈瑪,香格里拉聖路 (使用「梵鬼真血珠」召出),香格里拉聖路
梵邪射手,『神煉之間』第一區域,神煉之間
梵邪戰士,『神煉之間』第一區域,神煉之間
棄禪邪僧,祥鷺古街
棘鞭怨鬼,六滅血宮
森羅冷指,『終末之塔』第6層,『終末之塔』第5層
森羅大殿主,『天戮魔殿』第二層、第三層 (右邊),天戮魔殿
植生異人,始祖巨林(下半部),始祖巨林
業之觀者,無限鬥界
業火獅王,荒禍殘墟
業障僧者,無限鬥界
業障劍者,無限鬥界
業障勇衛,無限鬥界
業障術士,無限鬥界
業障道者,無限鬥界
極沸蠑螈,始祖巨林．西
極道浪人,內崎埠原、外崎埠原、神室關所,古皇陵近郊,釣日村,神室關所,內崎埠原,外崎埠原
樑上飛賊,飛簷頂徑
樓蘭岩龜王,樓蘭遺址
樓蘭沙蟲王,樓蘭遺址
樓蘭禿鷹王,樓蘭遺址
樓蘭跳鼠王,樓蘭遺址
樓蘭黑天王,樓蘭遺址
樹精,惡狼林,碧波谷徑,亂藤林,桃花林西方,不老峰
機動木兵,葭雲廣原
機關鐵衛,五鷹閣
橫世暴君．紂,終末之塔【第110層】守關者,『終末之塔』第110層
檮杌,繚空碎島、飛雲忘野,繚空碎島,飛雲忘野
次元戰虎,虛空渦心,不解迴路
欽犯胡濤,猢猻嶺
欽犯黨羽,猢猻嶺
歐印白狐,『終末之塔』第117層
歐陸十字軍,神州武冠台
歐陸雄獅,凱旋廣場、擎空壁壘、獅堡軍事區、靜默之丘,靜默之丘,擎空壁壘,獅堡軍事區,凱旋廣場
步天敖犬,七寶仙境,七寶仙境　壹
武冠勇軍,皇城
武冠台隱刑,神州武冠台
武冠英衛,神州武冠台
武冠雄軍,神州武冠台
武冠驍衛,皇城
武冠鬥將,神州武冠台
武列雲貂,殊雁峽
武尊浪人,伊取川大陣,古皇陵近郊
武皇查拉欽,萬識聖宮(內部),萬識聖宮
武神‧異神靈識,殘雲天境
武神？,神州武冠台
武窟先銳,藏意武窟
武窟精衛,藏意武窟
武魂顯現．孫伯謀,修羅級俠隱樓
死川幽鳥,終末之塔Ⅷ
死川悍犀,終末之塔Ⅷ
死川爪犯,終末之塔Ⅷ
死川牙豹,終末之塔Ⅷ
死川血鱷,終末之塔Ⅷ
死川鬼祭,終末之塔Ⅷ
死牢牛鬼,異時界‧亂藤林西方,異時界‧亂藤林西
死靈弓手,魔君陵墓
死靈水母,龍宮第七層,龍宮八層一隅,龍宮八層廣場
死靈骷髏,魔君陵墓
殉王木乃伊,赫勒神殿遺址
殉葬血屍,恨生不歸途
殘影龍形,虛空渦心,音無晶宇
殛端電靈王,終末之塔【第119層】守關者,『終末之塔』第119層
殭屍,鬼城、猛鬼窟、萬人塚,鬼城,猛鬼窟第一層,試煉之窟,萬人塚第一層,萬人塚第二層,萬人塚第三層
殭屍幻影,義勇軍校場
殮壽靈柩,九曲邪徑、悲歡渡口、枉死之城、永劫刑場,枉死之城,悲歡渡口,永劫刑場,九曲邪徑
殺人蜂,異時界‧亂藤林南方,異時界‧亂藤林南
殺傷跳鼠,古翰大沙漠
殺意魔眼,『終末之塔』第122層
殺道武尊,六滅血宮
毀天魎王,『天戮魔殿』第二層、第三層 (右邊),天戮魔殿
毒嚙鱷,異時界‧毒龍潭
毒巨蛟,毒龍潭
毒殭屍,猛鬼窟一層、萬人塚第二層,猛鬼窟第一層,萬人塚第二層,朝天觀,萬人塚第三層,樓蘭遺址
毒界妖靈,瘴癘靈界通道,蠱毒洞府
毒界鬼卒,瘴癘靈界通道,蠱毒洞府,瘴癘修煉場
毒皰蟾蜍,異時界‧亂藤林
毒蕈傘人,蕈菇林,蕈菇林東方,蕈菇林西方,侏人部落,晶湖水道,地下水道,神兵塚
毒蟾蜍,河西谷地,碧波谷徑、亂藤林、萬人塚第一層,碧波谷徑,百妖穴第一層,萬人塚第一層,亂藤林,亂藤林東方,葬日沼澤北方,毒龍潭,盤蛇洞
毒血屍,猛鬼窟一層、猛鬼窟二層、萬人塚第二層,猛鬼窟第一層,猛鬼窟第二層,萬人塚第二層,朝天觀,萬人塚第三層
毒隱蠍,異時界‧亂藤林
毒麟獸,瘴癘靈界通道,蠱毒洞府
水之精靈,血鴉嶺、豐穗平原,豐穗平原,血鴉嶺
水元素神將,萬識聖宮(外圍),萬識聖宮
水鬼,映月泊、萬人塚第二層,映月泊,萬人塚第二層,朝天觀,萬人塚第三層
水鬼幻影,義勇軍校場
永劫‧修羅魔君,無限鬥界
永劫‧北荒狼王,無限鬥界
永劫‧地獄邪帝,無限鬥界
永劫‧天鬼神羅,無限鬥界
永劫‧東鬼太閣,無限鬥界
永劫‧業火邪神,無限鬥界
永劫‧無界閻羅,無限鬥界
永劫‧神魔非我,無限鬥界
永劫‧萬世武皇,無限鬥界
永戰幽將,虛空渦心,不解迴路
江洋大盜,碧波幽谷,朝天觀,亂藤林東方
江洋大盜幻影,義勇軍校場
江湖刀客,長林谷
江湖報馬仔,龍川沿岸
沉池鑿蝦,『終末之塔』第107層
沉迭巨猿,虛空渦心,覺無洋宇
沒世天可汗,虛空渦心
沒世蒼勇冠,虛空渦心
沒世蒼神射,虛空渦心
沒世蒼陵將,虛空渦心
沒世飛司祭,虛空渦心
沒日夸父,虛空渦心,觀無巽宇
沙暴先鋒,古翰大沙漠
沙暴先鋒隊長,古翰大沙漠
沙暴颶靈,火焰山
沙漠刀匪,塔干沙漠南方、塔干沙漠東方,塔干沙漠東方,塔干沙漠南方
沙漠射手,塔干沙漠南方、塔干沙漠東方,塔干沙漠東方,塔干沙漠南方
沙漠巨蟒,塔干沙漠南方
沙漠斑蛛,塔干沙漠西方
沙漠矮靈,太陽神大道
沙漠蠱毒蜘蛛,塔干沙漠西方
沙漠邪神,火焰山
沙漠響尾蛇,塔干沙漠南方
沙蟲蠱王,樓蘭遺址
沙野夜叉,『終末之塔』第41層
沼地巨蛇,千佛遺跡東側、千佛遺跡西側,千佛遺跡東側,千佛遺跡西側
沼巨蟒,異時界‧葬日沼澤南方,異時界‧葬日沼南
泅水青龍,始祖巨林．東
法師塔學徒,龍池大社
波斯亂黨,聖域之門
波斯戰士,止戰邊境
波斯戰象,黃塵荒漠
波斯戰駱,真知寺(室外)、萬識聖宮(外圍),真知寺,萬識聖宮
波斯步卒,清教院街、聖域之門,聖域之門,清教院街
波斯猛將,止戰邊境
波斯蒼鷹,飛簷頂徑
波斯鐵衛,清教院街、聖域之門、黃塵荒漠,黃塵荒漠,聖域之門,清教院街
波斯騎兵,波斯西市、清教院街、聖域之門、飛簷頂徑,聖域之門,清教院街,飛簷頂徑,波斯西市
波臣獅,溥山新郡、齊襄道,齊襄道,溥山新郡,白餘古城
泥侏大酋長,終末之塔【第153層】守關者,『終末之塔』第153層
泥侏掘鎬,終末之塔ⅩⅥ
泥侏爆師,終末之塔ⅩⅥ
泥侏鏟工,終末之塔ⅩⅥ
泥河鱷魔,吉薩走廊
泰源巨猿,旭陽山徑
泰源翡雀,旭陽山徑
泰源黑熊,旭陽山徑
泳虛虢漁,終末之塔【第4層】守關者,『終末之塔』第4層
洗腦穢泥,桂熙路
洛基,俠隱樓
洛基幻象,東校場
洞穴蜥蜴,地靈穴
活佛？,神州武冠台
活獄馬鬼,異時界‧亂藤林南方,異時界‧亂藤林西
流亡兵馬隊長,塞北草原,亂石林,黑城遺跡
流亡叛軍士兵,八達嶺,古北口,古北大營,邊關要塞
流亡叛軍隊長,八達嶺,古北口,古北大營,邊關要塞
流亡叛軍頭目,八達嶺,古北口,邊關要塞
流亡山賊,葉隱蒼林
流寇,碧波幽谷,亂藤林東方
流寇頭子,碧波幽谷,亂藤林東方
浪嶼角龜,鷗揚浪嶼
浪甲魚,上龍灣
海上怨靈,極東海域
海峰龜,上龍灣
海巨蛟,東方海域
海章魚,臨海道,魚棲地,海草林
海膽,龍宮第一層,龍宮第七層
海蝸牛,琉瑯岩灣
海賊章魚,龍宮第六層,龍宮第七層,龍宮八層廣場
海賊迅忍,長野沙濱
海魅,東方海域
海鰻,臨海道,魚棲地,海草林,珊瑚帶
浸幽木乃伊,神王金字塔
淪劫尸骨,『終末之塔』第118層,『終末之塔』第117層
淪劫徊者,『終末之塔』第119層
淪劫迷者,『終末之塔』第119層,『終末之塔』第118層
淬毒妖靈,瘴癘靈界裂隙
深宮幻蝶,天啓八關,天啟八關
深淵石魔,桂熙路
深紅史嘉列,凱旋廣場
深靈化水,東宮碧庭
混沌,闕真金閣
淺灣蛇,上龍灣
渡宇鷹,虛空渦心,覺無洋宇
渡虛腳力,虛空渦心
港灣鱷人,太陽神大道
渴血魔刀,虛空渦心,觀無巽宇
湯捕快,猢猻嶺
溺誘河童,內崎埠原、十律原樹海、外崎埠原,內崎埠原,外崎埠原,十津原樹海
滄冰仙蛾,鷗揚浪嶼
滄浪隱劍,天啓八關,天啟八關
滅世非我,『天戮魔殿』第二層、第三層 (右邊),神兵塚,天戮魔殿
滅界邪陀,濕婆神廟(第一層、第二層)、金宵佛寺,金霄佛寺,濕婆神廟
滅羅女將,六滅血宮
滋事百姓,東駿徑
漠影翼蛇,古翰大沙漠
漢京御劍右護院,漢京首府
漢京御劍左護院,漢京首府
潛水小狐,龍宮第三層
潛水肥兔,大寶礁,龍宮第三層
潛水胖貍,龍宮第三層
潮影刺客,上龍灣
澄清水蟆,始祖巨林．東
激雷鐮鼬,天照不二峰、神室關所、葉隱蒼林、長野沙濱,長野沙濱,葉隱蒼林,神室關所,天照不二峰
激震土靈,漆黑水路、真知寺,漆黑水路,真知寺
濕婆神教刺客,大梵河岸
濕婆神教祭司,大梵河岸
濕婆軍強弓手,異時界‧葬日沼澤
濕婆軍狂戰士,異時界‧葬日沼澤
瀚水聖靈,萬識聖宮(內部第二層)  ※ 第二層為「武皇查拉欽」死亡時才可以到達,萬識聖宮
火之精靈,靜默之丘
火元素神將,萬識聖宮(外圍),萬識聖宮
火咬鱷,異時界‧毒龍潭
火喉蟾蜍,異時界‧亂藤林
火妖,望星坡、萬人塚二層、萬人塚三層,望星坡,萬人塚第二層,朝天觀,萬人塚第三層,地靈穴,蕈菇林
火岩龜,火焰山
火影蜘蛛精,異時界‧夜叉嶺,烈火靈界裂隙
火武機關兵,藏意武窟
火燼反譯機虎,蛇眼城
火界妖靈,烈火靈界通道,火雲洞府,棲鳳崖,鳳凰台
火界鬼卒,烈火靈界通道,火雲洞府,烈火修煉場
火蕈傘人,蕈菇林,蕈菇林東方,蕈菇林西方,侏人部落,晶湖水道,神兵塚
火藥惡賊,長林谷
火螫蠍,烈火靈界裂隙
火蟾蜍,河西谷地,平西關、碧波谷徑、萬人塚第一層,平西關,碧波谷徑,巨猿洞窟一層,巨猿洞窟二層,百妖穴第一層,萬人塚第一層,葬日沼澤北方,盤蛇洞,棲鳳崖
火雲麒麟,火雲洞府,烈火修煉場
火霸機關長,藏意武窟
火骨獄卒,五派禁地
火骨精長老,五派禁地
火鳳凰,棲鳳崖
火麟獸,烈火靈界通道,火雲洞府
灰侏人工鏟兵,晶湖水道,地下水道,水晶礦坑
灰侏人戰士,晶湖水道,地下水道,水晶礦坑
灰侏人戰將,地下水道,水晶礦坑
灰侏人炸彈兵,晶湖水道,地下水道,水晶礦坑
灰侏人狂戰士,地下水道,水晶礦坑
灰侏人護法,地下水道,水晶礦坑
灰侏人鐵鎬兵,晶湖水道,地下水道,水晶礦坑
灰巨蟒,靖南古道、萬人塚第三層、桃花林西方,鎮南關密道,亂藤林,葬日沼澤南方,靖南古道,古皇陵第三層,萬人塚第三層,桃花林西方,盤蛇洞
灰蝙蝠,古皇陵第一層、古皇陵第二層,古皇陵第一層,古皇陵第二層,鎮南關密道,魔君陵寢一層
灰魁蟒,異時界‧亂藤林
炎池潛蠑,始祖巨林．西
炎符兵,朗星街
炙紋飛狐,璇鶯鎮
烈日行蜴,古翰大沙漠
烈火妖魔,棲鳳崖,鳳凰台
烈火聖靈,萬識聖宮(內部第二層)  ※ 第二層為「武皇查拉欽」死亡時才可以到達,萬識聖宮
烈火蜈蚣,異時界‧亂藤林南方,異時界‧亂藤林南
烈燄風魔,三途之都、恨生不歸途,恨生不歸途,三途之都
烈風戰士,大汗陵墓
焚劫厲將,朱雀南殿
焚天大獅皇,森羅閻殿
焚怒之火,法誡參道、波斯西市、飛簷頂徑,飛簷頂徑,波斯西市,法誡參道
焚旱樹人,玉旭之巔
焚風火源,始祖巨林．西
焚風禿鷹,菩提聖原
無之虛魅,虛空渦心,時沒邊界
無塵子,五派禁地
無序燭陰,『終末之塔』第66層
無影手,五派禁地
無影蜘蛛,虛空渦心,時沒邊界
無影．飛燕后,終末之塔【第120層】守關者,『終末之塔』第120層
無念僧,千佛遺跡西側、摩羅國境,千佛遺跡西側,摩羅國境
無方冥念王,終末之塔【第139層】守關者,『終末之塔』第139層
無旌戰狼,『終末之塔』第34層
無瑕機人,五鷹閣
無瑕鎧妖,玄武北殿
無界閻羅,森羅閻殿
無界閻羅邪元,『天戮魔殿』第二層、第三層 (右邊),天戮魔殿
無間骷髏兵,濕婆神廟(第一層),濕婆神廟
無間骷髏弓手,濕婆神廟(第一層),濕婆神廟
無限‧檮杌,無限鬥界
無限‧混沌,無限鬥界
無限‧窮奇,無限鬥界
無限‧饕餮,無限鬥界
無限之土,『飛昇大廳』第三層,飛昇大廳
無限之水,『飛昇大廳』第二層,飛昇大廳
無限之火,『飛昇大廳』第二層,飛昇大廳
無限之風,『飛昇大廳』第三層,飛昇大廳
無頭將軍俑,古皇陵密室
焦宙兇火,虛空渦心,不解迴路
焦灼火蝸,玉旭之巔
焰痕怒熊,玉旭之巔,修羅級玉旭之巔
煉氣宗,五派禁地
煉獄審官,六滅血宮
煉獄淑女,【一般級】『神臨之地』第一、二、三層,神臨之地
煉獄火蟆,始祖巨林．西
煉獄邪眼,『森羅閻殿』第一層,永劫刑場、荒禍殘墟,森羅閻殿,永劫刑場,荒禍殘墟
煉獄邪神,『森羅閻殿』第三層,森羅閻殿
煉獄魔梟,凱旋廣場、聖禱天廳,凱旋廣場,聖禱天廳
煉黑巨龍首,異時界‧毒龍潭
照心僧影,浮世夢鄉
照心劍影,浮世夢鄉
照心勇影,浮世夢鄉
照心術影,浮世夢鄉
照心道影,浮世夢鄉
熊武者,桃花林西方,不老峰
熾火真帝靈,【一般級】『飛昇大廳』第二、三層,飛昇大廳
熾火蜈蚣,烈火靈界裂隙
燃宇皇蛇,始祖巨林．西
燃影鐮鼬,外崎埠原、天照不二峰,外崎埠原,天照不二峰
燃箭祖花精,始祖巨林．西
燃箭衛士,始祖巨林．西
燎原戰士,大汗陵墓
燎原火靈,漆黑水路、真知寺,漆黑水路,真知寺
燬天女魔后,聖禱天廳
燭懨獄鰲龍,終末之塔【第170層】守關者,『終末之塔』第170層
爬脊獸,終末之塔Ⅱ
牛樟根,琉瑯岩灣
牛頭大喪神,奈落紅川
牽亡妖將,異時界‧亂藤林西方,異時界‧亂藤林西
犯戒僧極樂,劍橫天關,飛雲忘野
狂怒之魔,【一般級】『神臨之地』第二層 ( 左邊 ),神臨之地
狂怒修羅,六滅血宮
狂犬,古皇陵近郊,塞北關,釣日村,平西關,試煉之窟,萬人塚第一層
狂猴,葬劍崖護法院,試煉之窟
狂猴王,猢猻嶺,入雲道,古皇陵近郊,映月泊
狂猿,碧波幽谷、巨猿洞窟第二層、亂藤林東方,巨猿洞窟二層,碧波幽谷,亂藤林南方,摘星嶺,夜叉嶺
狩命獵手,燕蕩嶺
狼人,臺興中州
狼斑沙蟲,塔干沙漠東方、樓蘭遺址、萬佛窟,塔干沙漠東方,萬佛窟,樓蘭遺址
狼王,天山冰池,八達嶺
猙獰角龜,終末之塔ⅩⅢ
猛毒共生體,終末之塔【第113層】守關者,『終末之塔』第113層
猛爆毒麟,『終末之塔』第102層,『終末之塔』第101層
猛蜈蚣,異時界‧亂藤林
獄門劍尊,虛空渦心,不解迴路
獵人頭祭司,亂石林,大汗陵墓
獵首傭兵,上龍灣
獵鷹,八達嶺,塞北草原,呼倫草原,貝爾草原,黑城遺跡,疾風谷,關外草原,古北大營
獵鷹‧強,殘雲天境、殘雲天境東側,殘雲天境
玄冰妖靈,怒雪靈界裂隙
玄冰神龍,五派禁地
玄台岩齡,四聖祭台
玄天宗師,五派禁地
玄武甲龜,玄武北殿
玄氣宗,五派禁地
玄虛射手,虛空渦心,觀無巽宇
玄虛戰士,虛空渦心,觀無巽宇
玄陰地靈,晶湖水道,水晶礦坑,神兵塚
玄陰地靈元靈,幽玄靈界
玄龜,桃花林東方
玉娃魚,始祖巨林．東
玉旭幼龍,始祖巨林(上半部),始祖巨林
玉旭神熊,修羅級玉旭之巔
玉旭神龍,鷗揚浪嶼
玉火鳳凰,始祖巨林．西
玉藻九尾狐,十律原樹海,十津原樹海
玉階飛凰,仙庭玉階
王嚎金鋼,虛空渦心,星群碎道
王谷兵蜂,『終末之塔』第44層
王谷書藏司,終末之塔【第49層】守關者,『終末之塔』第49層
王谷獸騎守,終末之塔【第46層】守關者,『終末之塔』第46層
王谷聖蜂守,終末之塔【第43層】守關者,『終末之塔』第43層
王都守衛,太陽神大道
王都石工,太陽神大道
王都精兵BHZ,蛇眼城
王都精兵BJL,蛇眼城
王都精兵FLM,蛇眼城
王都精兵GSW,蛇眼城
王都精兵HLS,蛇眼城
王都精兵RYU,蛇眼城
珠蟾蜍,琉瑯岩灣
瑞揚大底,龍川沿岸
瑞揚打手,龍川府
瑞揚無賴,龍川府
瑞揚紅棍,龍川沿岸
瑞照天官,劍橫天關、飛雲忘野,飛雲忘野,橫劍天關
瑯王巡兵,上龍灣
瑯王強騎,龍川府
瑯王彪豹騎,朗星街
瑯王新民兵,朗星街
瑯王百夫長,朗星街
瑯王秀衛,上龍灣
瑯王軍上兵,越霞關
瑯王軍花衛,越霞關
瑯王重裝兵,龍川府
瑯王鎮暴兵,龍川沿岸
瑯王鐵碎軍,桂熙路
璽毒蠍,異時界‧摘星嶺
瓦沼屠婆,終末之塔ⅩⅥ
瓦沼翼蛇神,終末之塔【第156層】守關者,『終末之塔』第156層
瓦沼食人族,終末之塔ⅩⅥ
瓦沼骨夫,終末之塔ⅩⅥ
甚黑無常,異時界‧亂藤林西方,異時界‧亂藤林西
生死一權宰,『天戮魔殿』第一層,天戮魔殿
生非識邪,『終末之塔』第83層
界之聖護,無限鬥界
畜生道主宰,六滅血宮
畫蛇似蛟,『終末之塔』第49層
異時遊魔,紫雷轟原
疤枷?,終末之塔Ⅱ
疲憊的刑天戰士,異時界‧亂藤林東方,異時界‧亂藤林東
疲憊的土行者,異時界‧亂藤林東方,異時界‧亂藤林東
疲憊的夜叉士兵,異時界‧亂藤林東方,異時界‧亂藤林東
疲憊的夜叉斧手,異時界‧亂藤林東方,異時界‧亂藤林東
疲憊的夸父戰士,異時界‧亂藤林東方,異時界‧亂藤林東
疲憊的巨靈魔,異時界‧亂藤林東方,異時界‧亂藤林東
疲憊的百眼巫師,異時界‧亂藤林東方,異時界‧亂藤林東
疲憊的阿修羅戰士,異時界‧亂藤林東方,異時界‧亂藤林東
疲憊的鷹族戰士,異時界‧亂藤林東方,異時界‧亂藤林東
疾狩忍者,內崎埠原、神室關所、葉隱蒼林,古皇陵近郊,映月泊,釣日村,葉隱蒼林,神室關所,內崎埠原
疾風戰士,呼倫草原,貝爾草原,大汗陵墓,蒼狼大營
瘡痍行者,『終末之塔』第89層
瘦嘍囉,桃花林南方,半天岩
瘴崩山牛冥,終末之塔【第36層】守關者
白巨虎,天山冰池
白懺大喪神,枉死之城
白毛巨猿,入雲道、天山雪道,入雲道,天山雪道,瀰煙山道
白猿鬥神,濕婆神廟(第一層、第二層)、金宵佛寺,金霄佛寺,濕婆神廟
白虎,不老峰
白金之猩,『終末之塔』第45層,『終末之塔』第44層
白靈石獅,三途之都、恨生不歸途、枉死之城,恨生不歸途,三途之都,枉死之城
白骨精,猛鬼窟第二層,萬人塚第二層,萬人塚第三層
白骨精幻影,義勇軍校場
白骨精長老,五派禁地
白鹿,貝爾草原、呼倫草原,呼倫草原,貝爾草原,蒼狼大營
百劫屠者,『終末之塔』第94層,『終末之塔』第93層
百層捍衛者,終末之塔【第93層】守關者,『終末之塔』第93層
百朝虛霸．始皇帝,終末之塔【第100層】守關者,『終末之塔』第100層
百殤牛鬼,破滅之源
百毒蜈蚣,瘴癘靈界裂隙
百眼大長老,異時界‧毒龍潭
百眼密探,毒龍潭
百眼巫妖,異時界‧修羅窟、異時界‧毒龍潭,異時界‧毒龍潭,異時界‧修羅窟
百眼巫師,異時界‧亂藤林南方,毒龍潭,摘星嶺,魔君陵墓,魔君陵寢一層,魔君陵寢二層,修羅窟,異時界‧亂藤林南
百眼巫師幻影,義勇軍校場
百眼長老,摘星嶺,魔君陵墓,魔君陵寢一層,魔君陵寢二層
百草狐郎中,不老峰、瀰煙山道、半天岩,瀰煙山道,半天岩
百虛操偶,『終末之塔』第99層
百變蛇魅,虛空渦心,覺無洋宇
百轉天誣,音無晶宇
皇城武衛,皇城
皇城駐軍,皇城
皇家聖衛,托勒密山麓、王都索羅,王都盧索,托勒密山麓
盜匪頭目,塔干沙漠南方
盜墓侏賊,赫勒神殿遺址
盤古石尊,玄武北殿
盧索警司,王都索羅,王都盧索
盧索野民,王都索羅,王都盧索
盪霧影鼠,虛空渦心,時沒邊界
直島新太郎,外崎埠原
相命詐徒,龍川府
看門打手,惡狼林
真‧傾天絕邪,寒愴冰獄
真‧檮杌,【一般級】『九宵天樓』第三層,九霄天樓
真‧混沌,【一般級】『九宵天樓』第三層,九霄天樓
真‧窮奇,【一般級】『九宵天樓』第三層,九霄天樓
真‧饕餮,【一般級】『九宵天樓』第三層,九霄天樓
真劍修者,四聖祭台
真勇修者,四聖祭台
真火神龍,五派禁地
真火鳳凰,鳳凰台
真知四聖武皇,飛昇大廳
真知太聖衛,【一般級】『飛昇大廳』第一、二層,飛昇大廳
真知神烈將,真知寺(室外)、萬識聖宮(外、內圍),真知寺,萬識聖宮
真知聖御將,法誡參道、真知寺、萬識聖宮,法誡參道,真知寺,萬識聖宮
真知聖戰士,法誡參道、波斯西市、漆黑水路、飛簷頂徑,飛簷頂徑,波斯西市,法誡參道,漆黑水路
真知芳衛,清教院街
真知衛士,聖域之門
真知黑聖衛,飛簷頂徑
真禪修者,四聖祭台
真萬年魑魅,神兵塚
真術修者,四聖祭台
真道修者,四聖祭台
眩惑之眼,虛空渦心,時沒邊界
眾天外邪,虛空渦心,星群碎道
眾靈妖祭,托勒密山麓
瞠目兇首,『終末之塔』第31層
石奴監工,吉薩走廊
石怪,入雲道、碧波谷徑,入雲道,碧波谷徑,摘星嶺,地靈穴,蕈菇林
石怪幻影,義勇軍校場
石榴果,上龍灣
石窟劍俑,五派禁地
石窟戈俑,五派禁地
石窟武士俑,五派禁地
石窟箭俑,五派禁地
石窟雙斧俑,五派禁地
石窟雙錘俑,五派禁地
砌塔石奴,『終末之塔』第62層,『終末之塔』第61層
破壞神濕婆,濕婆神廟
破戒僧,天山雪道,亂藤林東方
破戒僧幻影,義勇軍校場
破斬象妖,異時界‧葬日沼澤
破日鬥龍,青龍東殿
破陣鬼騎,九曲邪徑、悲歡渡口,悲歡渡口,九曲邪徑
硫炎咒魔殼,終末之塔【第161層】守關者,『終末之塔』第161層
碎岩大獸,虛空渦心,音無晶宇
碎峰大梵鬼,『神煉之間』第二、三區域,神煉之間
碎時狂虎,白虎西殿
碎骨者,『終末之塔』第15層
碎骨者‧強,終末之塔ⅩⅦ
碎魂金鬼,『終末之塔』第64層
磐石精,東宮碧庭
礫岩龜,塔干沙漠南方、塔干沙漠西方,塔干沙漠南方,塔干沙漠西方
祕法護衛,龍池大社
神土領主,凱旋廣場、聖禱天廳,凱旋廣場,聖禱天廳
神射手哲別,塞北草原,關外草原
神御泰平龍,闕真金閣
神御輝鎧駝,【一般級】『飛昇大廳』第一、二層,飛昇大廳
神柱虛祭,『終末之塔』第59層
神棍,封獸擂台
神水領主,聖禱天廳
神火領主,凱旋廣場、聖禱天廳,凱旋廣場,聖禱天廳
神耀十字軍,凱旋廣場、聖禱天廳,凱旋廣場,聖禱天廳
神行跳鼠,塔干沙漠西方、樓蘭遺址、萬佛窟,萬魔蜃樓陣,萬魔蜃樓陣檢錄處,塔干沙漠西方,萬佛窟,樓蘭遺址
神谷藍鵲,泰源大社
神風領主,凱旋廣場、聖禱天廳,凱旋廣場,聖禱天廳
神龍將,龍宮八層廣場
神．仙露花精,神七寶仙境,神七寶仙境　壹
神．來世象尊,神七寶仙境,神七寶仙境　壹
神．問頂仙龍,神七寶仙境,神七寶仙境　壹
神．妙捷跳鼠,神七寶仙境,神七寶仙境　壹
神．岩羅角獸,神七寶仙境,神七寶仙境　壹
神．幻月銀狼,神七寶仙境,神七寶仙境　壹
神．松齡聖龜,神七寶仙境,神七寶仙境　壹
神．步天敖犬,神七寶仙境,神七寶仙境　壹
神．萬曆星將,神七寶仙境,神七寶仙境　壹
神．霧隱忍武,神七寶仙境,神七寶仙境　壹
祭司幻影,亂石林
祭日司衛,王都索羅,王都盧索
祭邪大魔牛,『神煉之間』第二、三區域,神煉之間
禁軒瘋王,虛空渦心,星群碎道
禍國九尾狐,黃龍秘殿
禍天翼蛇,赫勒神殿遺址
禍患造者,『終末之塔』第89層,『終末之塔』第88層
禍星虛天監,終末之塔【第39層】守關者,『終末之塔』第39層
禍玄兇猩,終末之塔Ⅰ
禍翼巨龍,凱旋廣場、擎空壁壘,擎空壁壘,凱旋廣場
禪鬼宗部斑,香格里拉聖路
禿鷹,塔干沙漠南方、塔干沙漠東方、樓蘭遺址、火焰山,塔干沙漠東方、塔干沙漠南方,塔干沙漠東方,塔干沙漠南方,樓蘭遺址,火焰山
禿鷹幫響馬,高昌郡
禿鷹幫首領,高昌郡
私贓密運客,祥鷺古街
科技戰兵BHZ,王統新市
科技戰兵BJL,王統新市
科技戰兵FLM,王統新市
科技戰兵GSW,王統新市
科技戰兵HLS,王統新市
科技戰兵RYU,王統新市
秘法僧,天山雪道,亂藤林東方
秘法僧幻影,義勇軍校場
秘行忍者,伊取川大陣、十律原樹海、天照不二峰,十津原樹海,天照不二峰,伊取川大陣
秩騷謎兔,『終末之塔』第115層
穹天千戶,天啓八關,天啟八關
穹天軍長,天啓八關,天啟八關
空宙兇風,虛空渦心,不解迴路
空斬般若,虛空渦心,觀無巽宇
空泛蝕心苞,終末之塔【第133層】守關者,『終末之塔』第133層
空靈虛狐,虛空渦心,時沒邊界
穿岩蛇,豫鸞南途
穿峽禿鷹,登天棧道、青藏高原,登天棧道,青藏高原
穿虛異蟲,虛空渦心,星群碎道
穿雲聖牛,大梵聖湖、萬岳聖峰、香格里拉聖路,大梵聖湖,萬岳聖峰,香格里拉聖路
穿雲鐵鷹,太陽神大道
穿雲鶴,半天岩
突疣膿眼,異時界‧亂藤林西方,異時界‧亂藤林西
窮兇極鱷,『終末之塔』第45層
窮奇,凌風修境(第一、二區)、登龍道,登龍道,凌風修境
童魚,琉瑯岩灣
竭宙兇水,虛空渦心,不解迴路
笑傲飛鷹,登龍道
符公無忌,俠隱樓
符兵．寒冰,俠隱樓
符兵．烈火,俠隱樓
箭蜈蚣,河西谷地,河西谷地、鎮南關密道、葬日沼澤南方,鎮南關密道,亂藤林南方,葬日沼澤南方,鷹翅族部落
米德加哥布林,越霞關
米諾陶勒斯,【一般級】『神臨之地』第一、二、三層,神臨之地
精武兵衛,伊取川大陣、內崎埠原、外崎埠原,古皇陵近郊,映月泊,釣日村,內崎埠原,外崎埠原,伊取川大陣
糟老頭,半天岩,不老峰
糧車,鎮南關密道
約頓赫冰狼,俠隱樓
約頓赫山怪,俠隱樓
紅傘花妖,鷗揚浪嶼
紅冠獵女,璇鶯鎮、祥鷺古街,璇鶯鎮,祥鷺古街
紅夜叉,漢京首府
紅櫻藝者,西宮翠苑
紅毛巨猿,猢猻嶺、巨猿洞窟,猢猻嶺,巨猿洞窟一層,巨猿洞窟二層
紅毛巨猿幻影,義勇軍校場
紅蓮女戰將,濕婆神廟(第二層),濕婆神廟
紋面花賊,豫鸞南途
索命牛頭,九曲邪徑、寒愴冰獄,九曲邪徑,寒愴冰獄
索貝克,荷魯斯聖祠
紫兇豬魂,【一般級】『九宵天樓』第二層,九霄天樓
紫啼童魚,『終末之塔』第134層,『終末之塔』第132層
紫暮影蛟,青龍東殿
紫業黑天,六滅血宮
紫紋魟,魚棲地,海草林,珊瑚帶,大寶礁
紫羽災后,凱旋廣場、聖禱天廳,凱旋廣場,聖禱天廳
紫荊千戶將,俠隱樓
紫荊親衛軍,俠隱樓
紫荊鐵血隊,俠隱樓
紫衫惡煞,亂藤林東方
紫轅龍龜,祥鷺古街
紫雷蠻蛟‧強,殘雲天境東側,殘雲天境
紫電雷龍,璇鶯鎮
紫霜冰魄,寒愴冰獄
紫霞山俠宗,西校場
紫靈貂,貝爾草原、呼倫草原、亂石林,呼倫草原,貝爾草原,亂石林,疾風谷
細瘴蛇,異時界‧葬日沼澤南方,異時界‧葬日沼南
終劫阿努比斯,終末之塔【第60層】守關者,『終末之塔』第60層
終塔之寶,終末之塔Ⅰ,終末之塔Ⅱ
終塔之寶<II>,終末之塔Ⅱ,終末之塔Ⅲ
終塔之寶<III>,終末之塔Ⅲ,終末之塔Ⅳ
終塔之寶<IV>,終末之塔Ⅳ,終末之塔Ⅴ
終塔之寶<IX>,終末之塔Ⅸ,終末之塔Ⅹ
終塔之寶<V>,終末之塔Ⅴ,終末之塔Ⅵ
終塔之寶<VI>,終末之塔Ⅵ,終末之塔Ⅶ
終塔之寶<VII>,終末之塔Ⅶ,終末之塔Ⅷ
終塔之寶<VIII>,終末之塔Ⅷ,終末之塔Ⅸ
終塔之寶<X>,終末之塔Ⅹ,終末之塔ⅩⅠ
終塔之寶<XI>,終末之塔ⅩⅠ,終末之塔ⅩⅡ
終塔之寶<XII>,終末之塔ⅩⅡ,終末之塔ⅩⅢ
終塔之寶<XIII>,終末之塔ⅩⅢ,終末之塔ⅩⅣ
終塔之寶<XIV>,終末之塔ⅩⅣ,終末之塔ⅩⅤ
終塔之寶<XV>,終末之塔ⅩⅤ,終末之塔ⅩⅥ
終塔之寶<XVI>,終末之塔ⅩⅥ,終末之塔ⅩⅦ
終塔之寶<XVII>,終末之塔ⅩⅦ
終塔妖狐,『終末之塔』第105層
終塔石鐘,終末之塔ⅩⅢ
終塔衛將,『終末之塔』第3層,『終末之塔』第2層
終末巨龍,【一般級】『神臨之地』第三層,神臨之地
終末影衛,終末之塔Ⅱ,終末之塔Ⅲ
終末邪龍鎮,『終末之塔』第37層,『終末之塔』第24層,終末之塔Ⅱ,終末之塔ⅩⅤ
結界石,桃花林西方
絕凍冰妖,萬岳聖峰、香格里拉聖路,萬岳聖峰,香格里拉聖路
絕峰禿鷹,香格里拉聖路
絕邪皇蠻,『神煉之間』第二、三區域,神煉之間
絕霸勇士,六滅血宮
絕．玉旭神龍,修羅級五鷹閣
綠影遊蝸,始祖巨林(下半部),始祖巨林
綠林蜥蜴,異時界‧亂藤林南方,異時界‧亂藤林南
綠毛狂猿,碧波幽谷、巨猿洞窟第二層、亂藤林東方,巨猿洞窟二層,碧波幽谷,夜叉嶺
綠蜥蜴,亂藤林南方、亂藤林西方,亂藤林南方,亂藤林西方,鷹翅族部落,夜叉嶺
綠袍老祖,五派禁地
綻鐵巨龜,虛空渦心,覺無洋宇
緞衣說客,終末之塔ⅩⅦ
縱岳神龍,燕蕩嶺
纏火蠍,異時界‧摘星嶺
纏身厲鬼,塞北關
罣基妖犬,塞北關
羅剎劍俠,塔干沙漠西方
羅剎劍瑛,西宮翠苑
羅剎女妖,火焰山 ( 生關 ),火焰山
羅剎槍士,塔干沙漠西方
羅剎流寇,黃塵荒漠
羅剎男妖,火焰山 ( 生關 ),火焰山
羅剎逸姝,西宮翠苑
羅剎部隊長,塔干沙漠西方
羅剎鏢客,塔干沙漠西方
羅剎鞭子手,塔干沙漠西方
群峰道長,神州武冠台
羯羅疣豬,六滅血宮
翠絲天蠶,始祖巨林(下半部),始祖巨林
翠蛇,河西谷地,河西谷地、鎮南關密道、亂藤林西方,鎮南關密道,亂藤林西方,葬日沼澤南方,靖南古道,桃花林,桃花林西方,盤蛇洞
翡玉藍雀,殊雁峽
翻江裂地鮫,終末之塔【第126層】守關者,『終末之塔』第126層
老樹精,碧波谷徑、亂藤林,惡狼林,碧波谷徑,瘴癘修煉場,亂藤林,葬日沼澤,葬日沼澤北方
老虎,碧波谷徑、封神臺、亂藤林西方、瀰煙山道,碧波谷徑,封神臺,亂藤林西方,鷹翅族部落,瀰煙山道,掩月松林,八達嶺,古北口,塞北草原
老虎幻影,義勇軍校場
聖十字軍,擎空壁壘、獅堡軍事區、靜默之丘,靜默之丘,擎空壁壘,獅堡軍事區
聖宮砂王龍,萬識聖宮(第二層)  ※ 第二層為「武皇查拉欽」死亡時才可以到達,萬識聖宮
聖峰白虎,萬岳聖峰、香格里拉聖路,萬岳聖峰,香格里拉聖路
聖帝君士坦汀,【一般級】『神臨之地』第一層,聖禱天廳,神臨之地
聖血戰虎,法誡參道、波斯西市、漆黑水路,波斯西市,法誡參道,漆黑水路
聖谷王司,托勒密山麓
肅狄夷公,天啓八關,天啟八關
育生水元,始祖巨林．東
胖嘍囉,桃花林南方,半天岩
腐化暴熊,葭雲廣原
腐化蠑螈,風竹塹
腐毒仙蛾,鷗揚浪嶼
腐糜鬼屍,六滅血宮
自走幽藤,『終末之塔』第112層
至毒蜈蚣,異時界‧亂藤林南方,異時界‧亂藤林南
舞墓白獅,異時界‧亂藤林西方,異時界‧亂藤林西
船老大,釣日村
船難溺魂,上龍灣
艾姆謝特,神王金字塔
艾濟原人,『終末之塔』第53層,『終末之塔』第52層
艾濟巡督,太陽神大道
艾濟武姬,西宮翠苑
艾濟矮靈,吉薩走廊
艾濟舞侍,神州武冠台
艾濟鋼鎧蠍,神王金字塔
芬普尼猞猁,終末之塔ⅩⅦ
芭絲特,荷魯斯聖祠
花和尚,天山雪道,亂藤林東方
花精,亂藤林、亂藤林南方、葬日沼澤,亂藤林,亂藤林南方,葬日沼澤,葬日沼澤北方
草原刀盾兵,塞北草原,呼倫草原,亂石林,大汗陵墓,關外草原,統萬大營
草原戰士,呼倫草原,貝爾草原,大汗陵墓,蒼狼大營
草原長槍兵,塞北草原,呼倫草原,亂石林,大汗陵墓,關外草原,統萬大營
草獅精,太安道、東海道、齊襄道,齊襄道,太安道,東海道
荒山血獵,托勒密山麓
荒水真帝靈,【一般級】『飛昇大廳』第二、三層,飛昇大廳
荒火虛魂,虛空渦心,音無晶宇
荒野猛虎,大梵河岸、菩提聖原,菩提聖原,大梵河岸
荼黎鬼刀,六滅血宮
莫琳女爵,修羅級蛇眼城
莽毒狂龍,異時界‧毒龍潭
菌侵甲鬼,『終末之塔』第29層,『終末之塔』第28層
華蹴鬥士,東海道、溥山新郡、齊襄道,齊襄道,東海道,溥山新郡
萬刑惡靈,悲歡渡口、枉死之城,枉死之城,悲歡渡口
萬嗔惡靈,鬼城
萬岳囂異,大梵聖湖、萬岳聖峰、青藏高原,青藏高原,大梵聖湖,萬岳聖峰
萬年樹精,神兵塚
萬年魑魅,神兵塚
萬年龍龜,始祖巨林．東
萬曆劍豪,濟馬島
萬曆星將,七寶仙境,七寶仙境　壹
萬炎殺顱,朱雀南殿
萬牲聚魂偶,終末之塔【第116層】守關者,『終末之塔』第116層
萬神殿女侍,朗星街
萬神殿女射手,越霞關
萬神殿女神射,朗星街
萬神殿座狼,越霞關
萬神殿戰士,越霞關
萬神殿烈士,俠隱樓
萬神殿狂戰士,朗星街
萬神殿矮人戰士,越霞關
萬神殿絕弓,俠隱樓
萬神殿鐵鬚,俠隱樓
萬變天蛾,璇鶯鎮
萬金錘蜴,『終末之塔』第32層
萬鈞碎錘,終末之塔Ⅲ
落燕豹騎,燕蕩嶺
落羽棕熊,殊雁峽
葫蔓幽咒王,終末之塔【第149層】守關者,『終末之塔』第149層
葬劍崖俠宗,西校場
蒙面賊寇,鎮南關密道
蒼凰一奇,虛空渦心,星群碎道
蒼炎怒獅,九曲邪徑、寒愴冰獄、永劫刑場,永劫刑場,九曲邪徑,寒愴冰獄
蒼狼,貝爾草原、呼倫草原,呼倫草原,貝爾草原,黑城遺跡,關外草原,統萬大營
蒼狼‧強,殘雲天境
蒼狼族大汗,大汗陵墓,統萬大營
蒼狼族女王,蒼狼大營
蒼狼疾麗,齊襄道
蒼狼精兵,塞北草原
蒼狼蠻勇,神州武冠台
蒼狼重衛,齊襄道
蒼白達苟士,凱旋廣場
蒼真劍聖,【一般級】『九宵天樓』第一層,九霄天樓
蒼鱗蛟龍,極東海域
蓋世象魔,大梵河岸、金宵佛寺,大梵河岸,金霄佛寺
蔓行藤,殊雁峽
蔚奇園鼠,東宮碧庭
蔭爪魔棺,異時界‧亂藤林西方,異時界‧亂藤林西
蕈傘魔人,神兵塚
蕩水虛魂,虛空渦心,音無晶宇
蕩神劍聖,仙庭玉階、劍橫天關、闕真金閣,橫劍天關,仙庭玉階,闕真金閣
薙首夜叉,濟馬島
藍尾蠍,摘星嶺、亂藤林東方,朝天嶺,亂藤林東方,摘星嶺
藍鯊兵,龍宮第六層,龍宮第七層,龍宮八層一隅,龍宮八層廣場
藏地氂牛,懸空仙嶺、登天棧道、青藏高原,登天棧道,懸空仙嶺,青藏高原
藏富鼠,臺興中州
藤村龍二,神室關所
藤索花魔,鷗揚浪嶼
虎台白吼,四聖祭台
虎威戰神,真知寺、萬識聖宮(外、內圍),真知寺,萬識聖宮
虎豹騎槍士,長阪坡
虎霸王,掩月松林
虎鬥士,掩月松林、瀰煙山道,瀰煙山道,掩月松林
虐殺犯,『終末之塔』第11層
處刑機兵,燕蕩嶺
虛來屠尖,吉薩走廊
虛來殺爪,吉薩走廊
虛來轟錘,吉薩走廊
虛來鳴猩,吉薩走廊
虛典壞相,終末之塔【第9層】守關者,『終末之塔』第9層
虛典幻影兵,修羅級俠隱樓
虛典幻影士,修羅級俠隱樓
虛化修羅,虛空渦心,不解迴路
虛化夜叉,虛空渦心,時沒邊界
虛嵐,虛空渦心
虛座‧塞拉比斯,終末之塔【第56層】守關者,『終末之塔』第56層
虛座右屠尊,破滅之源
虛座太兇王,破滅之源
虛座左獄尊,破滅之源
虛座魔劍臣,破滅之源
虛座黑血虎,破滅之源
虛影刺客,虛空渦心,時沒邊界
虛念頭陀,『終末之塔』第99層
虛意化劍宗,黃龍秘殿
虛意化武宗,黃龍秘殿
虛意化禪宗,黃龍秘殿
虛意化術宗,黃龍秘殿
虛意化道宗,黃龍秘殿
虛浮穿耳龍,終末之塔【第136層】守關者,『終末之塔』第136層
虛海獵叉,『終末之塔』第37層
虛淵鬥靈,虛空渦心
虛滅石龍陣,『終末之塔』第84層
虛滅金龍陣,『終末之塔』第84層,虛空大秘境
虛滅銀龍陣,『終末之塔』第84層
虛潛獸,『終末之塔』第15層,『終末之塔』第14層
虛無十字軍,『終末之塔』第52層,『終末之塔』第51層
虛無狩鬼,終末之塔Ⅴ
虛無真知士,『終末之塔』第51層
虛無行者．劍,修羅級黃龍秘殿
虛無行者．拳,修羅級黃龍秘殿
虛無行者．獸,修羅級黃龍秘殿
虛熒,虛空渦心
虛燁,虛空渦心
虛空主宰,破滅之源
虛空主宰分靈,『終末之塔』第72、73、74層,『終末之塔』第72層,『終末之塔』第73層,『終末之塔』第74層
虛空主宰幻影,終末之塔ⅩⅡ
虛空主宰幻象,終末之塔Ⅷ
虛空主宰遊影,『終末之塔』第87層
虛空妖龍,『終末之塔』第9層,『終末之塔』第8層
虛空布道使,黃龍秘殿
虛空幻熊主,終末之塔【第140層】守關者,『終末之塔』第140層
虛空爬行者,神王金字塔
虛空神凜冰麒,終末之塔【第26層】守關者,『終末之塔』第26層
虛空神燹鳳麒,終末之塔【第29層】守關者,『終末之塔』第29層
虛空能源,終末之塔Ⅸ
虛空誅異使,黃龍秘殿
虛空魔鴆毒麒,終末之塔【第23層】守關者,『終末之塔』第23層
虛統‧賽特,終末之塔【第53層】守關者,『終末之塔』第53層
虛行影虎,終末之塔Ⅷ
虛行蜴魔,終末之塔Ⅷ
虛辰戰虎,白虎西殿
虛途座王鬼,東宮碧庭
虛遊之魂,虛空渦心,觀無巽宇
虛還大秦始皇帝,黃龍秘殿
虛還武典化靈,終末之塔【第96層】守關者,『終末之塔』第96層
虛還西楚霸王,漢京首府
虛雷天尊,虛空渦心
虛風天尊,虛空渦心
虛龍‧阿佩普,終末之塔【第59層】守關者,『終末之塔』第59層
號雨贔屭,始祖巨林．東
虹輝聖狸,始祖巨林(上半部),始祖巨林
蛇眼星刺客,東校場
蛇魔女,盤蛇洞
蛇魔女王,盤蛇洞
蛟符兵,桂熙路
蜃樓水靈,清教院街、聖域之門,聖域之門,清教院街
蜘蛛,踏雲頂梵天寺,試煉之窟
蜘蛛精,百妖穴第一層,百妖穴第二層,盤蛇洞
蜥蜴人,血鴉嶺、豐穗平原,豐穗平原,血鴉嶺
蝕骨毒蠶,燕蕩嶺
蝙蝠,古皇陵第一層
蝶舞精,凌風修境(第一二區)、登龍道、繚空碎島,登龍道,凌風修境,繚空碎島
螢水母,魚棲地,海草林,大寶礁,龍宮第二層
蟾蜍,黑水潭地龍穴,試煉之窟
蟾蜍怪客,平西關
蟾蜍精,百妖穴第一層、百妖穴第二層,百妖穴第一層,百妖穴第二層,盤蛇洞
蠍子王,樓蘭遺址、河西谷地,飛仙岩、亂藤林東方、摘星嶺、河西谷地,飛仙岩,朝天嶺,亂藤林東方,摘星嶺,河西谷地,塔干沙漠東方,樓蘭遺址
蠍心邪后,終末之塔【第13層】守關者,『終末之塔』第13層
蠑螈,臺興中州
蠱毒鬼卒,瘴癘靈界裂隙
蠱毒麒麟,蠱毒洞府,瘴癘修煉場
血刃般若,八荒古墳、天照不二峰,天照不二峰,八荒古墳
血咒怨靈,極東海域
血屍,猛鬼窟一層,猛鬼窟第一層,萬人塚第二層,朝天觀,萬人塚第三層,樓蘭遺址
血屍幻影,義勇軍校場
血怨鬼刀兵,祥鷺古街
血戈鐵傀,虛空渦心,音無晶宇
血槍幫小頭目,高昌郡
血槍幫響馬,高昌郡
血槍幫首領,高昌郡
血河馬魔神,『天戮魔殿』第二層、第三層 (右邊),天戮魔殿
血沼戰將,六滅血宮
血潤狂蔘,漢京首府 ( 1/F、2/F )、濟馬島,濟馬島,漢京首府
血瘤眼,三途之都、恨生不歸途,恨生不歸途,三途之都
血神禿鷹,火焰山
血腥者,『終末之塔』第19層,『終末之塔』第18層
血蕈,靖南古道
血鞭騎兵,祥鷺古街
衛城鬃獅,王都索羅,王都盧索
衛塔戰偶,『終末之塔』第138層
衛塔金獸,終末之塔ⅩⅤ
衛玉龍丞,修羅級五鷹閣
衛皇人面獅身,終末之塔【第66層】守關者,『終末之塔』第66層
衛皇凶赦殘豹,終末之塔【第63層】守關者,『終末之塔』第63層
衛皇巨劍神座,終末之塔【第69層】守關者,『終末之塔』第69層
衛遼神獸,祥鷺古街
衛郡武官,溥山新郡、白餘古城,溥山新郡,白餘古城
衛郡虹裳,溥山新郡、白餘古城,溥山新郡,白餘古城
衛閣妖蛾,五鷹閣
衛閣捍領,五鷹閣
衛閣精銳,五鷹閣
衛閣虎騎,五鷹閣
衛閣豹騎,五鷹閣
衛陵煞豹,赫勒神殿遺址
衝天馬魔將,『森羅閻殿』第三層,奈落紅川、荒禍殘墟,森羅閻殿,奈落紅川,荒禍殘墟
衝石徹,大汗陵墓
衝石徹幻影,亂石林
衝雲亂梟,大梵聖湖、萬岳聖峰,大梵聖湖,萬岳聖峰
衝靈晶蟾,破滅之源
裂土真帝靈,【一般級】『飛昇大廳』第三層,飛昇大廳
裂地幼鮫,終末之塔ⅩⅢ
裂箭鐵傀,虛空渦心,音無晶宇
裂變鬼兵,『終末之塔』第101層
裂軀王龍,青龍東殿
裂隙冰靈,怒雪靈界裂隙
裂隙火靈,烈火靈界裂隙
裂隙燐妖,桂熙路
裂隙蠱靈,瘴癘靈界裂隙
複合獅人,龍池大社
複合蛛女,風竹塹、龍池大社,風竹塹,龍池大社
複製宮國將軍,蛇眼城
褐紋天虎,白虎西殿
褪殼白飛黽,終末之塔【第143層】守關者,『終末之塔』第143層
襲影鬼虎,異時界‧亂藤林南方,異時界‧亂藤林南
襲關姝,太安道、山海長疆,山海長疆,太安道
西域殺手,古皇陵近郊
西域沙蟲,塔干沙漠東方、樓蘭遺址,塔干沙漠東方,樓蘭遺址
西域番僧,平西關
西域邪神,火焰山
西校精衛,皇城
西校鎮軍,皇城
西楚霸幻王,終末之塔【第30層】守關者,『終末之塔』第30層
西苑花侍,西宮翠苑
覓竹貓熊,殊雁峽
覓蜜熊,桃花林、桃花林西方,桃花林,桃花林西方,桃花林南方
親衛獸將,王都索羅,王都盧索
覷命射手,終末之塔ⅩⅤ
覷影幻蛟,虛空渦心,音無晶宇
觀海斥侯,琉瑯岩灣
詛咒骸骨兵,血鴉嶺
說書歪道,東駿徑
諸肢惡樓,『終末之塔』第69層
諸首大蛇,異時界‧葬日沼澤
謎之光球．參,終末之塔ⅩⅠ
謎之光球．壹,終末之塔ⅩⅠ
謎之光球．肆,終末之塔ⅩⅠ
謎之光球．貳,終末之塔ⅩⅠ
謳邪僧正,寒愴冰獄
譚霸天,終末之塔ⅩⅦ
護城貓熊,璇鶯鎮
護天金翅鳥,香格里拉神廟
護教金鳥,異時界‧葬日沼澤
護柱血爪,『終末之塔』第56層,『終末之塔』第55層
護棺刃鱷,赫勒神殿遺址
護火聖像,朱雀南殿
護聖刀將,王都索羅,王都盧索
護聖女侍,王都索羅,王都盧索
護衛侍,內崎埠原、外崎埠原、神室關所、葉隱蒼林、長野沙濱,長野沙濱,葉隱蒼林,神室關所,內崎埠原,外崎埠原
變態蟲人,虛空渦心,不解迴路
變色蜥蜴,靖南古道、亂藤林西方,亂藤林,亂藤林西方,靖南古道
谷村真一,神室關所
象騎兵,摩羅國境、菩提聖原,摩羅國境,菩提聖原
象騎射手,摩羅國境、菩提聖原,摩羅國境,菩提聖原
豪情勇者,神州武冠台
豬痴妖,凌風修境(第二區)、登龍道、繚空碎島,登龍道,凌風修境,繚空碎島
貝斯,荷魯斯聖祠
負罪劈徒,『終末之塔』第6層
負荊紫甲龍,終末之塔【第123層】守關者,『終末之塔』第123層
貪慾之魔,【一般級】『神臨之地』第二層 ( 左邊 ),神臨之地
賊寇,鎮南關密道
賊寇頭目,鎮南關密道
賦文臣,凌風修境(第二區)、登龍道、繚空碎島,登龍道,凌風修境,繚空碎島
賽特,神王金字塔
赤勒辛,萬岳聖峰
赤城武烈君,終末之塔【第40層】守關者,『終末之塔』第40層
赤壇喇嘛,大梵聖湖、萬岳聖峰、青藏高原、香格里拉神廟、香格里拉聖路,青藏高原,大梵聖湖,萬岳聖峰,香格里拉聖路,香格里拉神廟
赤怒豬妖,【一般級】『九宵天樓』第二層,九霄天樓
赤日火靈,清教院街、聖域之門,聖域之門,清教院街
赤潮王叉,『終末之塔』第29層
赤烈鬼,伊取川大陣
赤煉祖魂,玉旭之巔
赤燄仙蛾,鷗揚浪嶼
赤目總司令,終末之塔【第159層】守關者,『終末之塔』第159層
赤瞳犄角,赫勒神殿遺址
赤符兵,桂熙路
赤羽鶴,棲鳳崖,鳳凰台
赤蜥蜴,鷹翅族部落,亂藤林西方,夜叉嶺,棲鳳崖
赤蠍子,塔干沙漠東方,巨猿洞窟第二層、摘星嶺,巨猿洞窟二層,亂藤林東方,摘星嶺,棲鳳崖
赤鍊蛇,烈火靈界裂隙
赦世驃騎,奈落紅川、寒愴冰獄、荒禍殘墟,寒愴冰獄,奈落紅川,荒禍殘墟
赫丕族女,止戰邊境、豐穗平原,止戰邊境,豐穗平原
走卒獸人,風竹塹
起源刺客,托勒密山麓
超巨靈魔王,獄門峽
超生化骸,『神煉之間』第二、三區域,神煉之間
越霞逃兵,豫鸞南途
越霞關叛軍,桂熙路
跆拳魔人,溥山新郡,漢京首府
跳鼠,塔干沙漠東方、樓蘭遺址,塔干沙漠東方,樓蘭遺址
踏雲頂俠宗,西校場
躍昇妖玉,終末之塔Ⅰ,終末之塔Ⅲ,終末之塔Ⅶ,終末之塔ⅩⅤ,終末之塔ⅩⅦ
軍營逃犯,獄門峽
軍騎駱駝,止戰邊境
軫瑯王．辰紫荊,俠隱樓
輪迴外邪,大梵聖湖、懸空仙嶺、萬岳聖峰、青藏高原、香格里拉聖路,懸空仙嶺,青藏高原,大梵聖湖,萬岳聖峰,香格里拉聖路
輻射花,白苗峽岸
輾州魔軍司,終末之塔【第89層】守關者,『終末之塔』第89層
轉僧影,『天授之間』第二層
轉劍影,『天授之間』第二層
轉勇影,『天授之間』第二層
轉女僧影,『天授之間』第二層
轉女劍影,『天授之間』第二層
轉女勇影,『天授之間』第二層
轉女術影,『天授之間』第二層
轉女道影,『天授之間』第二層
轉術影,『天授之間』第二層
轉道影,『天授之間』第二層
轟原風精,紫雷轟原
辣手椒娃,豫鸞南途
迎風羽蛇,玉旭之巔
迴天九翼蝶,【一般級】『九宵天樓』第三層,九霄天樓
迴影殺犬,虛空渦心,時沒邊界
迷界幻忍,虛空渦心,觀無巽宇
迷竅幻鬼,『終末之塔』第84層,『終末之塔』第83層
迷航探偵機,『終末之塔』第134層
追魂馬面,九曲邪徑、奈落紅川、荒禍殘墟,九曲邪徑,寒愴冰獄
逆反外眼,大梵聖湖、萬岳聖峰,大梵聖湖,萬岳聖峰
逆宗梵鬼,萬岳聖峰、香格里拉神廟、香格里拉聖路,萬岳聖峰,香格里拉聖路,香格里拉神廟
透界座王鬼,西宮翠苑
逐日虎人,王都索羅,王都盧索
通天術師,法誡參道、波斯西市、飛簷頂徑,飛簷頂徑,波斯西市,法誡參道
造亂思魅,『終末之塔』第81層
造殺判官,異時界‧亂藤林西方,異時界‧亂藤林西
連雲精衛,天啓八關,天啟八關
逸劍流副首,內崎埠原
逸劍流劍師,神室關所
逸劍流統主,外崎埠原
遊界福神,異時界‧亂藤林東
遊鬥客,山海長疆、東海道,山海長疆,東海道
遊魂,鬼城、猛鬼窟一層、猛鬼窟二層,望星坡,獄門峽,猛鬼窟第一層,猛鬼窟第二層,朝天觀
達律族女,臺興中州
達律族民,臺興中州
遠古樹人,始祖巨林(下半部),始祖巨林
遠襲機關兵,藏意武窟
遮天女羅,破滅之源
邊關賊寇嘍囉,八達嶺,古北口,古北大營,邊關要塞
邊關賊寇隊長,八達嶺,古北口,邊關要塞
邊關賊寇頭目,八達嶺,古北口,邊關要塞
邪冥祭師,『神煉之間』第一區域,神煉之間
邪冰祭師,『神煉之間』第一區域,神煉之間
邪咒骷髏,千佛遺跡東側、千佛遺跡西側,千佛遺跡東側,千佛遺跡西側
邪咒骷髏弓手,千佛遺跡東側、千佛遺跡西側,千佛遺跡東側,千佛遺跡西側
邪惡道人,碧波谷徑
邪教弟子,試煉之窟,飛仙岩,朝天嶺,朝天觀,亂藤林東方
邪教道士,試煉之窟,飛仙岩,朝天嶺,朝天觀,亂藤林東方
邪教道士幻影,義勇軍校場
邪教道長,飛仙岩,朝天嶺,朝天觀,亂藤林東方
邪教道長幻影,義勇軍校場
邪樹妖,桃花林西方,瘴癘靈界裂隙
邪火刀僧,長林谷
邪火妖,萬人塚第三層、葬日沼澤北方,望星坡,烈火修煉場,朝天觀,葬日沼澤北方,萬人塚第三層
邪火妖幻影,義勇軍校場
邪火祭師,『神煉之間』第一區域,神煉之間
邪甲巨象,大梵河岸
邪甲幽蛛妃,神王金字塔
邪神信徒,火焰山
邪神勇士,火焰山
邪神勇士鬼魂,火焰山 ( 死關 ),火焰山
邪神殉徒,黃塵荒漠
邪神軀殼,火焰山
邪角贔屭,虛空渦心,不解迴路
邪跳鼠,火焰山
邪雷祭師,『神煉之間』第一區域,神煉之間
邪骨河童,八荒古墳、十律原樹海,十津原樹海,八荒古墳
邪魔尊者,飛仙岩,朝天嶺,朝天觀
邪魔靈鼠,火焰山
部落戰狼,臺興中州,泰源大社
部落戰虎,旭陽山徑
部落獒犬,琉瑯岩灣
鄉野浪人,神室關所、葉隱蒼林,葉隱蒼林,神室關所
酆神陣頭,三途之都、悲歡渡口、枉死之城、永劫刑場,三途之都,枉死之城,悲歡渡口,永劫刑場
酆都遊魂,三途之都、枉死之城,三途之都,枉死之城
酆都鬼役,三途之都、枉死之城,三途之都,枉死之城
酒肉豬仙,仙庭玉階、闕真金閣,仙庭玉階,闕真金閣
酷瘧蜥魔,凱旋廣場、獅堡軍事區、聖禱天廳,獅堡軍事區,凱旋廣場,聖禱天廳
重嵐勁蛟,虛空渦心,星群碎道
重火力．第六代,蛇眼城
重絕泰斗,玄武北殿
野狼,惡狼林、入雲道,入雲道,塞北關,惡狼林,試煉之窟
野狼幻影,義勇軍校場
野良犬,內崎埠原、神室關所、葉隱蒼林、長野沙濱,長野沙濱,葉隱蒼林,神室關所,內崎埠原
野豬,山林地訓練營,試煉之窟
野豬魨,海草林,珊瑚帶,大寶礁,龍宮第三層,龍宮第五層,龍宮八層廣場
野馬,河西谷地,河西谷地、塞北草原,八達嶺,古北口,塞北草原
量產宮國弓兵,桃谷縱道
量產宮國步兵,桃谷縱道
量產宮國策士,桃谷縱道
金冑聖象衛,【一般級】『飛昇大廳』第三層,飛昇大廳
金剛仁波切,『天授之間』第一層、第三層,香格里拉神廟、香格里拉聖路,吐蕃集鎮,香格里拉聖路,香格里拉神廟,天授之間
金叉修羅王,濕婆神廟(第二層),濕婆神廟
金奇電鼠,『終末之塔』第42層
金字塔殉司,終末之塔【第79層】守關者,『終末之塔』第79層
金岩怪,異時界‧摘星嶺
金斧皇將,托勒密山麓
金毛鷹王,異時界‧摘星嶺
金石怪,碧波谷徑、入雲道,入雲道,碧波谷徑,摘星嶺,棲鳳崖,鳳凰台,地靈穴,蕈菇林
金石怪幻影,義勇軍校場
金穹蒼龍,『天授之間』第一層、第三層,香格里拉神廟,天授之間
金翅王,鷹翅族部落
金翅鳥,大梵河岸、摩羅國境、菩提聖原,摩羅國境,菩提聖原,大梵河岸
金蓮碧手,西宮翠苑
金鎧靈猴,大梵河岸、菩提聖原,菩提聖原,大梵河岸
金閣天龍將,闕真金閣
釣日劍俠,釣日村
釧刀鼬,虛空渦心,覺無洋宇
鉑皮械熊,終末之塔ⅩⅤ
銀灰魟,臨海道,魚棲地,珊瑚帶,龍宮第一層
銀霜神牛,白虎西殿
銀鱗飛龍,獅堡軍事區、血鴉嶺、豐穗平原、靜默之丘,豐穗平原,血鴉嶺,靜默之丘,獅堡軍事區
銅石龜,塔干沙漠南方,塔干沙漠西方,樓蘭遺址
銳牙大鱷,異時界‧亂藤林南方,異時界‧亂藤林南
銳鱗海蛇,鷗揚浪嶼
鋼冑聖騎‧強,殘雲天境東側,殘雲天境
鋼甲赫者,破滅之源
鋼皮巨犀,『終末之塔』第131層,『終末之塔』第131、135、137、139層,『終末之塔』第135層,『終末之塔』第137層,『終末之塔』第139層
鋼鬚殺蔘,東海道、白餘古城、齊襄道,齊襄道,東海道,白餘古城
錦卉旋蜂,東宮碧庭
錦袍仙丞,【一般級】『九宵天樓』第三層,九霄天樓
鎧蜘蛛,燕蕩嶺
鎮國象神,白虎西殿
鎮國黑虎騎,藏意武窟
鎮土鬼偶,虛空渦心,音無晶宇
鎮碑儀主,赫勒神殿遺址
鎮祠蒼翼,托勒密山麓
鎮魂獅神將,『天戮魔殿』第一層,天戮魔殿
鏢局成員,惡狼林,碧波谷徑
鐵勾惡盜,長林谷
鐵拳師兄,龍川沿岸
鐵拳眾,龍川府
鐵拳石漢,龍川府
鐵拳高手,龍川沿岸
鑽岩鋼蛇,古翰大沙漠
鑽身神司印曷闐,修羅級神王金字塔
長林大盜,長林谷
長林惡匪,長林谷
長林惡棍,長林谷
長林狂猴,長林谷
長林狂猿,長林谷
長林青蛇,長林谷
長疆大蟲,山海長疆
長疆寇,太安道、山海長疆,山海長疆,太安道
長疆細作,山海長疆
長疆靈貂,山海長疆
長矛手幻影,義勇軍校場
長野海賊,長野沙濱
開山牛魔將,『森羅閻殿』第三層,奈落紅川、荒禍殘墟,森羅閻殿,奈落紅川,荒禍殘墟
闇夜死神,擎空壁壘
闇天九龍蛇,『神煉之間』第一區域,神煉之間
闇心滅宗,『神煉之間』第二、三區域,神煉之間
闇盟成員,惡狼林,碧波谷徑
闢地巨獸,玄武北殿
防攻鐵獅,『終末之塔』第17層
防術晶人,『終末之塔』第17層
阿修羅刺客,太安道
阿修羅戰士,異時界‧修羅窟,魔君陵墓,魔君陵寢一層,魔君陵寢二層,修羅窟
阿修羅王,魔君陵寢一層
阿喇耶尊者,濕婆神廟(第一層),濕婆神廟
阿樊怛,終末之塔【第103層】守關者,『終末之塔』第103層
阿樊怛Ⅱ,終末之塔【第106層】守關者,『終末之塔』第106層
阿波狸仙,十律原樹海、葉隱蒼林、長野沙濱,長野沙濱,葉隱蒼林,十津原樹海
阿豹,塞北關
阿鼻火靈,始祖巨林．西
阿鼻霸鬼,荒禍殘墟
陌形劍者,虛空渦心,時沒邊界
陌形幻僧,虛空渦心,時沒邊界
陌形武宗,虛空渦心,時沒邊界
陌形隱道,虛空渦心,時沒邊界
陌形雷手,虛空渦心,時沒邊界
降世．虛空主宰,修羅級黃龍秘殿
降禍邪孽,虛空渦心,覺無洋宇
降駕狂戰,臺興中州
陰間大法師,終末之塔【第150層】守關者,『終末之塔』第150層
陰骸骨刀,虛空渦心,觀無巽宇
陰骸骨弓,虛空渦心,觀無巽宇
雀台朱鳳,四聖祭台
雀殿妃凰,朱雀南殿
雀殿闇凰,朱雀南殿
雀翼燼火,朱雀南殿
雙天兇狂,終末之塔【第16層】守關者,『終末之塔』第16層
雙雷轟手,『終末之塔』第3層
雙面刀鬼女,虛空渦心,星群碎道
雨陽蜥,琉瑯岩灣
雪山冰靈,萬岳聖峰、香格里拉聖路,萬岳聖峰,香格里拉聖路
雪山獵戶,天山冰池
雪峰野人,懸空仙嶺、登天棧道、青藏高原,登天棧道,懸空仙嶺,青藏高原
雪槍狂豹,太陽神大道
雪狼,惡狼林、入雲道、天山雪道,入雲道,塞北關,惡狼林,天山雪道
雲蛟巨將,【一般級】『九宵天樓』第三層,九霄天樓
雲蛟衛,凌風修境(第二區)、登龍道、繚空碎島,登龍道,凌風修境,繚空碎島
雲霓花狸,始祖巨林(下半部),始祖巨林
雷公,凌風修境(第三區)、繚空碎島,凌風修境,繚空碎島
雷吼聖將,『天授之間』第一層、第三層,香格里拉神廟,天授之間
雷域金仙,天啓八關,天啟八關
雷武機關兵,藏意武窟
雷海神蛟,青龍東殿
雷霆劍宗,五派禁地
雷霸機關長,藏意武窟
雷骨獄卒,五派禁地
電影疾鷹,紫雷轟原
電鰻,魚棲地,海草林,珊瑚帶
震岳魔囂,『神煉之間』第一區域,神煉之間
霧城巨獅‧強,殘雲天境西側,殘雲天境
霧峰暴猿,登天棧道
霧隱忍武,七寶仙境,七寶仙境　壹
霸戰獅王,聖禱天廳
霸虛雄獅,『終末之塔』第58層,『終末之塔』第57層
霸道煌腿,溥山新郡
靈芝精,不老峰（33、53）（104、29）,不老峰
靈芝精‧強,殘雲天境
青毒蠍,瘴癘靈界裂隙
青符兵,桂熙路
青綸邪士,終末之塔ⅩⅤ
青行鬼,伊取川大陣、八荒古墳、外崎埠原、天照不二峰,外崎埠原,天照不二峰,八荒古墳,伊取川大陣
青面豬妖,【一般級】『九宵天樓』第二層,九霄天樓
青龍,龍宮第五層
非議罪棺,虛空渦心,觀無巽宇
靨白幻獅,漢京首府、濟馬島、白餘古城,白餘古城,濟馬島,漢京首府
靨羽蝶后,仙庭玉階、闕真金閣,仙庭玉階,闕真金閣
頂川圍事,龍川府
頂川執法,龍川沿岸
頂川流氓,龍川府
頂川角頭,龍川沿岸
風中蟾蜍,玉旭之巔
風之精靈,止戰邊境、靜默之丘,止戰邊境,靜默之丘
風伯,凌風修境(第三區)、繚空碎島,凌風修境,繚空碎島
風元素神將,萬識聖宮(外圍),萬識聖宮
風刃蒼狐,六滅血宮
風水相師,溥山新郡、白餘古城,溥山新郡,白餘古城
風竹常戰區長,風竹塹
風花雪貍,玉旭之巔
風行刀獸,白虎西殿
風雷頭陀,長林谷
風靈祖花精,始祖巨林(下半部),始祖巨林
風魔上忍,神州武冠台
飄魂禿鷹,虛空渦心,時沒邊界
飛塵風靈,黃塵荒漠
飛斧幫打仔,東駿徑
飛斧幫鏢手,東駿徑
飛斧幫鬥員,東駿徑
飛毛兔,掩月松林、桃花林、桃花林東方、桃花林西方,桃花林東方,桃花林,桃花林西方,掩月松林
飛毛跳鼠,塔干沙漠東方、塔干沙漠西方、樓蘭遺址、萬佛窟,塔干沙漠東方,塔干沙漠西方,萬佛窟,樓蘭遺址
飛狼,玉旭之巔
飛賊,塞北關,映月泊,封神臺,試煉之窟
飛賊幻影,義勇軍校場
飛雲大將軍,神州武冠台
食人巨猿,猢猻嶺、巨猿洞窟,猢猻嶺,巨猿洞窟一層,巨猿洞窟二層,八達嶺,古北口
食人巨猿幻影,義勇軍校場
食人巨蟒,河西谷地,河西谷地、葬日沼澤(78.111)、葬日沼澤南方(52.82、182.75,葬日沼澤,葬日沼澤南方,盤蛇洞
食人巨鱷,葬日沼澤北方
食人狂猿,異時界‧亂藤林南方,異時界‧亂藤林南
食人虎,封神臺、八達嶺、亂藤林西方、偃月松林,封神臺,亂藤林西方,鷹翅族部落,掩月松林,八達嶺,古北口
食人虎幻影,義勇軍校場
食人魔花,燕蕩嶺
食尸巨鱷,異時界‧葬日沼澤北方,異時界‧葬日沼北
食屍巨鼠,古皇陵第一層、古皇陵第二層,古皇陵第一層,古皇陵第二層,鎮南關密道,魔君陵寢一層,魔君陵寢二層,古皇陵第三層
食日巨靈,五派禁地
飢戰海妖,東海道
飲歲羅蛟,青龍東殿
餓鬼道主宰,六滅血宮
饕餮,仙庭玉階、劍橫天關、飛雲忘野,飛雲忘野,橫劍天關,仙庭玉階
馬面大喪神,永劫刑場
駭人怪惡,漢京首府
駱駝,聖域之門、黃塵荒漠,黃塵荒漠,聖域之門
騰格爾大纛,大汗陵墓
騰湧之水,法誡參道、波斯西市、飛簷頂徑,飛簷頂徑,波斯西市,法誡參道
驚奇機棺,『終末之塔』第38層,『終末之塔』第37層
驚濤龍龜,上龍灣
驚雷鴻蛟,天啓八關,天啟八關
骷髏士兵,猛鬼窟二層,猛鬼窟第二層,朝天觀
骷髏士兵幻影,義勇軍校場
骷髏弓手,猛鬼窟二層,猛鬼窟第二層,朝天觀
骷髏弓手幻影,義勇軍校場
高原冰靈,懸空仙嶺、登天棧道,登天棧道,懸空仙嶺
高天幽翼,破滅之源
高端複製弓兵,蛇眼城
高端複製步兵,蛇眼城
高端複製策士,蛇眼城
高麗劍客,太安道、東海道、溥山新郡、齊襄道,齊襄道,太安道,東海道,溥山新郡
高麗幽女,東海道、溥山新郡、齊襄道,齊襄道,東海道,溥山新郡
鬃公羊,琉瑯岩灣
鬥戰聖徒孫,【一般級】『九宵天樓』第二層,九霄天樓
鬼修羅,五派禁地
鬼典論史,終末之塔【第1層】守關者,『終末之塔』第1層
鬼后蘿絲,血鴉嶺
鬼將大天狗,伊取川大陣
鬼將妖河童,伊取川大陣
鬼將酒吞,伊取川大陣
鬼將青面般若,伊取川大陣
鬼嶽將軍,伊取川大陣,古皇陵近郊,映月泊,釣日村
鬼嶽親衛弓侍,伊取川大陣
鬼嶽親衛槍侍,伊取川大陣
鬼影奔雷手,八達嶺,古北口,水晶礦坑
鬼斬刀般若,八荒古墳
鬼棒狩命,虛空渦心,星群碎道
鬼河童,神室關所、葉隱蒼林,葉隱蒼林,神室關所
鬼河童‧強,殘雲天境東側,殘雲天境
鬼牙開眼,九曲邪徑、枉死之城、永劫刑場,枉死之城,永劫刑場,九曲邪徑
鬼界大棺王,『天戮魔殿』第一層,天戮魔殿
鬼界獅鬥將,異時界‧修羅窟
鬼界魔獅將,魔君天都
鬼禿鷹,火焰山
鬼虎殺手,法誡參道、漆黑水路,法誡參道,漆黑水路
鬼螯蝦兵,桃花林東方、桃花林南方,桃花林東方,桃花林南方,大寶礁,龍宮第七層,龍宮八層廣場
鬼都玄龍,虛空渦心,不解迴路
鬼雷驚爪,『終末之塔』第94層
鬼面蜘蛛,碧波谷徑、百妖穴第一層,碧波谷徑,百妖穴第一層,百妖穴第二層,盤蛇洞,地靈穴,蕈菇林
鬼首靈獬,溥山新郡、白餘古城,溥山新郡,白餘古城
魄降射骸,漢京首府
魅亂傘鬼,內崎埠原、十律原樹海、外崎埠原,內崎埠原,外崎埠原,十津原樹海
魏基,獅堡軍事區
魔人贊毗拉禔,濕婆神廟
魔侏人工鏟兵,神兵塚
魔侏人工頭,神兵塚
魔侏人戰士,神兵塚
魔侏人戰將,神兵塚
魔侏人炸彈兵,神兵塚
魔侏人狂戰士,神兵塚
魔侏人祭司,神兵塚
魔劍仙無上,繚空碎島
魔劍子,凌風修境(第一、二區)、登龍道,登龍道,凌風修境
魔劍鐵傀,虛空渦心,音無晶宇
魔喚使者,清教院街、聖域之門、黃塵荒漠,黃塵荒漠,聖域之門,清教院街
魔域狂刀,奈落紅川、永劫刑場,永劫刑場,奈落紅川
魔山狂猿,異時界‧夜叉嶺
魔巨犀,神兵塚
魔帝君士坦汀,神臨之地
魔幻蜘蛛,『終末之塔』第114層
魔心殺猿,異時界‧葬日沼澤
魔怔悍將,終末之塔ⅩⅦ
魔梵鬼統主,終末之塔【第169層】守關者,『終末之塔』第169層
魔極四叉,『終末之塔』第5層
魔樹精,異時界‧亂藤林
魔獄妖將,森羅閻殿
魔空邪祀,『終末之塔』第24層
魔蠹屍龍,『神煉之間』第二、三區域,神煉之間
魔軍物資,獄門峽
魔道行者,大梵河岸、菩提聖原、金宵佛寺,菩提聖原,大梵河岸,金霄佛寺
鯊將軍,龍宮八層一隅,龍宮八層廣場
鱷魚,葬日沼澤、葬日沼澤北方,葬日沼澤,葬日沼澤北方,毒龍潭
鳳凰,棲鳳崖,鳳凰台
鳴梁霸腿,濟馬島
鳴金雲龍,終末之塔ⅩⅦ
鴉天狗,八荒古墳、天照不二峰,天照不二峰,八荒古墳
鴻星打手,碧波幽谷
鴻星扛把子,碧波幽谷
鴻星火藥惡棍,碧波幽谷
鷹族戰士,葬日沼澤,摘星嶺,鷹翅族部落
鷹族精兵,異時界‧摘星嶺
鷹翅天衛,異時界‧修羅窟
麗火魔法使,西宮翠苑
黃墘豹,豫鸞南途
黃大官人,惡狼林
黃泉大元帥,『森羅閻殿』第一層、第二層 ( 左、右邊 ),奈落紅川,森羅閻殿
黃泉軍,濟馬島
黃牛,塞北草原、呼倫草原,塞北草原,呼倫草原,貝爾草原
黃金風蛇,托勒密山麓
黃金鳳,旭陽山徑
黃龍天鋒尉,黃龍秘殿
黃龍悍衝車,黃龍秘殿
黃龍蒼刃尉,黃龍秘殿
黃龍黑虎騎,黃龍秘殿
黑后親衛武姬,神王金字塔
黑喪使徒,赫勒神殿遺址
黑天妖魔,火焰山、萬佛窟,萬佛窟,火焰山
黑天小妖,樓蘭遺址
黑宇怒龍,虛空渦心,音無晶宇
黑尸大喪神,悲歡渡口
黑巨蛟,極東海域,東方海域
黑市保鑣,璇鶯鎮
黑教侍衛,大梵聖湖、懸空仙嶺、登天棧道、青藏高原,登天棧道,懸空仙嶺,青藏高原,大梵聖湖
黑教僧兵,大梵聖湖、懸空仙嶺、登天棧道,登天棧道,懸空仙嶺,大梵聖湖
黑教舞鞭者,大梵聖湖、青藏高原,青藏高原,大梵聖湖
黑教隱鏢手,大梵聖湖、青藏高原,青藏高原,大梵聖湖
黑死冥蝶,虛空渦心,星群碎道
黑殃劫羽．黔,終末之塔【第130層】守關者,『終末之塔』第130層
黑水保鑣,上龍灣
黑水刀客,豫鸞南途
黑水潭俠宗,西校場
黑池饜屍,漆黑水路、真知寺(室內),漆黑水路,真知寺
黑焰大王,高昌郡
黑狂信者,桂熙路
黑狂猴,古皇陵近郊、猢猻嶺,入雲道,古皇陵近郊,映月泊,猢猻嶺,試煉之窟
黑獄破城象,終末之塔【第33層】守關者,『終末之塔』第33層
黑繩上忍,六滅血宮
黑衣無賴,猢猻嶺
黑袍魔女,止戰邊境、血鴉嶺、豐穗平原,止戰邊境,豐穗平原,血鴉嶺
黑豹,亂石林,黑城遺跡,疾風谷,關外草原
黑豹‧強,殘雲天境、殘雲天境東側,殘雲天境
黑霾獸,『終末之塔』第18層
黑魅蛇,瘴癘靈界裂隙
黯夜妖魔,桃花林西方
黯火妖靈,烈火靈界裂隙
黯火鬼卒,烈火靈界裂隙
鼻高天狗,天照不二峰
龍台飛影,四聖祭台
龍女？,神州武冠台
龍川叛軍,越霞關
龍川殭屍,龍川府
龍川臥底,桂熙路
龍川飛駿,東駿徑
龍星陣,五派禁地
龍池特戰區長,龍池大社
龍磐帝蠻,『天授之間』第一層、第三層,香格里拉神廟、香格里拉聖路,吐蕃集鎮,香格里拉聖路,香格里拉神廟,天授之間
龍脈神蔘,東宮碧庭
龍象法王,龍川府
龍駻將,龍宮八層一隅,龍宮八層廣場
￭仙露花精￭,絕七寶仙境
￭來世象尊￭,絕七寶仙境
￭問頂仙龍￭,絕七寶仙境
￭妙捷跳鼠￭,絕七寶仙境
￭岩羅角獸￭,絕七寶仙境
￭幻月銀狼￭,絕七寶仙境
￭松齡聖龜￭,絕七寶仙境
￭步天敖犬￭,絕七寶仙境
￭萬曆星將￭,絕七寶仙境
￭霧隱忍武￭,絕七寶仙境
